9.598361015319824219e+00,1.038378906250000000e+01
9.540344238281250000e+00,1.377743816375732422e+01
-6.257512092590332031e+00,1.122345733642578125e+01
1.080754184722900391e+01,1.381759166717529297e+01
7.907311439514160156e+00,5.832342147827148438e+00
7.904423236846923828e+00,4.576130867004394531e+00
-1.102439212799072266e+01,8.856272697448730469e+00
8.714459419250488281e+00,9.535689353942871094e+00
9.084314346313476562e+00,5.873170375823974609e+00
8.633812904357910156e+00,8.336677551269531250e+00
7.578089714050292969e+00,6.522408485412597656e+00
9.098657608032226562e+00,1.513502025604248047e+01
7.867743968963623047e+00,6.910420417785644531e+00
9.420748710632324219e+00,1.433996391296386719e+01
-6.079607963562011719e+00,6.816390037536621094e+00
7.916440010070800781e+00,1.342775821685791016e+01
7.360374927520751953e+00,5.892568111419677734e+00
8.633380889892578125e+00,8.228387832641601562e+00
1.062452983856201172e+01,1.317597389221191406e+01
9.341666221618652344e+00,7.247013568878173828e+00
9.276297569274902344e+00,6.580472469329833984e+00
-6.352166175842285156e+00,1.097547340393066406e+01
-6.078465938568115234e+00,1.073608016967773438e+01
9.414458274841308594e+00,7.058022975921630859e+00
7.116426467895507812e+00,6.287229061126708984e+00
8.256425857543945312e+00,7.870884895324707031e+00
8.820972442626953125e+00,1.437124633789062500e+01
7.574601650238037109e+00,5.759904384613037109e+00
9.515527725219726562e+00,1.484295749664306641e+01
-6.238469123840332031e+00,1.127254104614257812e+01
7.877803802490234375e+00,6.066102504730224609e+00
-5.456979274749755859e+00,6.231562137603759766e+00
7.822433471679687500e+00,7.462759494781494141e+00
8.930330276489257812e+00,8.410626411437988281e+00
5.720590591430664062e+00,-2.015927076339721680e+00
8.054032325744628906e+00,7.395651817321777344e+00
6.566744804382324219e+00,5.957038402557373047e+00
9.281336784362792969e+00,1.513538265228271484e+01
7.645095825195312500e+00,8.084009170532226562e+00
9.028807640075683594e+00,5.530029773712158203e+00
4.609167575836181641e+00,-1.506471395492553711e+00
9.581725120544433594e+00,9.311094284057617188e+00
8.096381187438964844e+00,5.239298820495605469e+00
7.505070209503173828e+00,7.244454383850097656e+00
6.465091228485107422e+00,5.420675277709960938e+00
8.678745269775390625e+00,1.336848163604736328e+01
7.919826507568359375e+00,5.538546562194824219e+00
9.034832000732421875e+00,7.504067897796630859e+00
-5.728518009185791016e+00,6.729132652282714844e+00
7.585950374603271484e+00,5.056184768676757812e+00
1.071023368835449219e+01,1.404464626312255859e+01
1.021530723571777344e+01,1.416311073303222656e+01
7.096815109252929688e+00,7.014719486236572266e+00
7.063045978546142578e+00,5.281458377838134766e+00
6.952359676361083984e+00,5.688125133514404297e+00
5.351243495941162109e+00,-2.505538940429687500e+00
7.483245849609375000e+00,7.592483520507812500e+00
1.054416751861572266e+01,1.390819931030273438e+01
-5.282216548919677734e+00,6.394310951232910156e+00
9.052824974060058594e+00,7.195162296295166016e+00
8.368886947631835938e+00,1.291164207458496094e+01
8.253328323364257812e+00,1.373071575164794922e+01
1.023353672027587891e+01,1.443699741363525391e+01
-6.053750991821289062e+00,6.804294586181640625e+00
8.890396118164062500e+00,6.705657005310058594e+00
7.918750762939453125e+00,7.646237850189208984e+00
8.626031875610351562e+00,9.124574661254882812e+00
1.059186172485351562e+01,1.268764305114746094e+01
9.264695167541503906e+00,6.855637550354003906e+00
-5.911313056945800781e+00,6.630911827087402344e+00
8.832740783691406250e+00,6.895342826843261719e+00
8.995599746704101562e+00,1.448508262634277344e+01
8.168807029724121094e+00,7.034497261047363281e+00
7.705325603485107422e+00,4.776989936828613281e+00
8.672355651855468750e+00,9.384048461914062500e+00
7.998569488525390625e+00,5.774198532104492188e+00
8.146637916564941406e+00,5.086000919342041016e+00
5.583262443542480469e+00,-2.630413770675659180e+00
7.181017875671386719e+00,6.534310817718505859e+00
9.679652214050292969e+00,1.411404705047607422e+01
8.368414878845214844e+00,7.703535079956054688e+00
9.426529884338378906e+00,7.383971691131591797e+00
8.035663604736328125e+00,7.582893848419189453e+00
8.772857666015625000e+00,6.851365089416503906e+00
-5.571173191070556641e+00,6.541072845458984375e+00
7.545248985290527344e+00,5.164911746978759766e+00
-5.628037452697753906e+00,6.692754745483398438e+00
8.366327285766601562e+00,8.037052154541015625e+00
1.044813346862792969e+01,1.347686386108398438e+01
1.091832828521728516e+01,1.376917362213134766e+01
7.416378974914550781e+00,6.816622734069824219e+00
8.839808464050292969e+00,8.258897781372070312e+00
8.576593399047851562e+00,6.932077884674072266e+00
8.330243110656738281e+00,7.609692096710205078e+00
-5.631344318389892578e+00,6.226250648498535156e+00
6.750560760498046875e+00,6.071919441223144531e+00
8.650438308715820312e+00,1.492000007629394531e+01
7.748614788055419922e+00,7.155027866363525391e+00
9.241868019104003906e+00,1.402524375915527344e+01
8.483483314514160156e+00,6.647694110870361328e+00
9.152297973632812500e+00,1.504094505310058594e+01
8.021922111511230469e+00,6.259492397308349609e+00
7.720205307006835938e+00,7.071439743041992188e+00
7.552149295806884766e+00,5.993650913238525391e+00
5.470263481140136719e+00,-2.197685956954956055e+00
7.121900081634521484e+00,5.165865898132324219e+00
8.620006561279296875e+00,5.523455142974853516e+00
8.282906532287597656e+00,5.242418766021728516e+00
9.717422485351562500e+00,1.516944217681884766e+01
8.018758773803710938e+00,5.437895298004150391e+00
8.661911964416503906e+00,6.032506942749023438e+00
8.664813041687011719e+00,7.282081604003906250e+00
7.237481594085693359e+00,6.649288177490234375e+00
8.752458572387695312e+00,6.288172245025634766e+00
1.052680301666259766e+01,1.397352027893066406e+01
8.278474807739257812e+00,7.975459575653076172e+00
8.385067939758300781e+00,5.541065692901611328e+00
9.585511207580566406e+00,1.455490779876708984e+01
7.858129024505615234e+00,7.467406272888183594e+00
6.506716251373291016e+00,-2.154933691024780273e+00
1.046383285522460938e+01,1.359545707702636719e+01
-5.326947689056396484e+00,6.157720565795898438e+00
9.466366767883300781e+00,1.506478881835937500e+01
8.849874496459960938e+00,6.530131340026855469e+00
8.777165412902832031e+00,1.324315071105957031e+01
8.622114181518554688e+00,1.365417671203613281e+01
7.583494186401367188e+00,6.539667129516601562e+00
8.531571388244628906e+00,1.342524623870849609e+01
8.644697189331054688e+00,1.308490657806396484e+01
7.960649967193603516e+00,7.698511600494384766e+00
1.092552185058593750e+01,1.380032825469970703e+01
7.329832553863525391e+00,6.099235534667968750e+00
8.627805709838867188e+00,1.420587158203125000e+01
7.391894817352294922e+00,6.010123252868652344e+00
9.321599960327148438e+00,9.154799461364746094e+00
7.980002880096435547e+00,6.643000602722167969e+00
5.092689514160156250e+00,-2.184255123138427734e+00
8.385593414306640625e+00,6.800756454467773438e+00
9.393235206604003906e+00,1.381297874450683594e+01
6.513113021850585938e+00,8.110181808471679688e+00
8.949079513549804688e+00,1.496881294250488281e+01
7.578551292419433594e+00,7.294909477233886719e+00
8.647501945495605469e+00,1.486297321319580078e+01
8.540937423706054688e+00,5.580686092376708984e+00
8.366748809814453125e+00,6.769062995910644531e+00
5.843935966491699219e+00,-2.099769115447998047e+00
7.475015640258789062e+00,7.115019321441650391e+00
7.433863639831542969e+00,5.148514747619628906e+00
7.092156410217285156e+00,5.308274269104003906e+00
7.883790969848632812e+00,7.708268165588378906e+00
7.731666564941406250e+00,6.757606506347656250e+00
5.279510974884033203e+00,-1.819936394691467285e+00
7.441794872283935547e+00,6.000926971435546875e+00
8.879370689392089844e+00,7.472945213317871094e+00
7.718388080596923828e+00,6.140756607055664062e+00
8.317389488220214844e+00,7.008159160614013672e+00
5.404656410217285156e+00,-1.635128378868103027e+00
8.986765861511230469e+00,8.951857566833496094e+00
9.167753219604492188e+00,1.486707973480224609e+01
7.606996059417724609e+00,6.432200431823730469e+00
7.630916118621826172e+00,5.696812152862548828e+00
1.025285816192626953e+01,1.384332084655761719e+01
8.902302742004394531e+00,1.467658233642578125e+01
9.257022857666015625e+00,1.308087253570556641e+01
8.820373535156250000e+00,6.193860054016113281e+00
-5.105863094329833984e+00,6.683887481689453125e+00
8.943050384521484375e+00,7.478381633758544922e+00
8.180203437805175781e+00,1.403377628326416016e+01
8.064138412475585938e+00,1.423228263854980469e+01
8.541242599487304688e+00,5.464388847351074219e+00
6.876523017883300781e+00,6.157442092895507812e+00
8.651081085205078125e+00,7.364582061767578125e+00
8.155555725097656250e+00,4.848564147949218750e+00
-4.646391391754150391e+00,6.709201812744140625e+00
7.899622440338134766e+00,6.854632854461669922e+00
8.682798385620117188e+00,1.478463745117187500e+01
-5.136459827423095703e+00,6.180509090423583984e+00
1.006958007812500000e+01,1.395346641540527344e+01
8.206381797790527344e+00,8.350064277648925781e+00
8.969038963317871094e+00,7.612219333648681641e+00
-5.996979236602783203e+00,6.718562126159667969e+00
1.038877201080322266e+01,1.420417785644531250e+01
7.456047534942626953e+00,5.114358425140380859e+00
9.186445236206054688e+00,7.619709968566894531e+00
1.040120697021484375e+01,1.389424228668212891e+01
8.897801399230957031e+00,1.491198730468750000e+01
8.174449920654296875e+00,6.479263782501220703e+00
8.596595764160156250e+00,1.325790214538574219e+01
6.008899211883544922e+00,-1.746054768562316895e+00
4.985031604766845703e+00,-2.148833751678466797e+00
8.705895423889160156e+00,6.966785430908203125e+00
7.766927719116210938e+00,5.692041397094726562e+00
8.278467178344726562e+00,6.324525356292724609e+00
7.936919689178466797e+00,7.048020839691162109e+00
7.373554229736328125e+00,6.492678165435791016e+00
8.720028877258300781e+00,1.532770061492919922e+01
-6.001193046569824219e+00,1.104602718353271484e+01
1.081447601318359375e+01,1.338500690460205078e+01
5.954127788543701172e+00,-2.046389818191528320e+00
7.036274909973144531e+00,6.074114799499511719e+00
8.728731155395507812e+00,5.835727214813232422e+00
1.000064468383789062e+01,1.332274627685546875e+01
8.101018905639648438e+00,7.410388946533203125e+00
7.839135646820068359e+00,7.258376598358154297e+00
9.261151313781738281e+00,1.422634696960449219e+01
6.157386779785156250e+00,5.234036445617675781e+00
7.897838592529296875e+00,5.597257614135742188e+00
9.165826797485351562e+00,6.895042419433593750e+00
6.609595298767089844e+00,-2.464658975601196289e+00
7.791713714599609375e+00,5.947702407836914062e+00
-5.581543445587158203e+00,6.430913925170898438e+00
5.009160518646240234e+00,-1.784173846244812012e+00
-5.862502574920654297e+00,6.734670639038085938e+00
7.373721122741699219e+00,5.639803409576416016e+00
1.118956661224365234e+01,1.271039962768554688e+01
8.870781898498535156e+00,6.630573749542236328e+00
8.581643104553222656e+00,7.918701171875000000e+00
1.063783550262451172e+01,1.357430362701416016e+01
-5.933384895324707031e+00,6.690605163574218750e+00
-5.228837966918945312e+00,6.036095142364501953e+00
7.005691528320312500e+00,5.855275630950927734e+00
9.707283973693847656e+00,1.438867282867431641e+01
8.190930366516113281e+00,5.699473857879638672e+00
8.095431327819824219e+00,6.874788284301757812e+00
8.398021697998046875e+00,7.748913764953613281e+00
7.376353740692138672e+00,5.033657073974609375e+00
7.644298553466796875e+00,5.791970252990722656e+00
1.097741508483886719e+01,1.253622913360595703e+01
8.319507598876953125e+00,5.432079792022705078e+00
-5.041870117187500000e+00,6.640258312225341797e+00
7.075263023376464844e+00,6.338994979858398438e+00
7.647021770477294922e+00,5.807718753814697266e+00
8.073648452758789062e+00,7.855994224548339844e+00
7.605622291564941406e+00,1.271449565887451172e+01
8.007498741149902344e+00,6.587002277374267578e+00
8.863025665283203125e+00,1.488090896606445312e+01
8.979174613952636719e+00,7.210264205932617188e+00
8.595682144165039062e+00,1.443075180053710938e+01
9.906651496887207031e+00,1.448707866668701172e+01
8.754080772399902344e+00,6.341543674468994141e+00
8.695936203002929688e+00,8.620580673217773438e+00
8.923715591430664062e+00,1.337458133697509766e+01
8.804389953613281250e+00,9.095197677612304688e+00
6.100200653076171875e+00,-2.536340236663818359e+00
8.531092643737792969e+00,1.526510715484619141e+01
4.724164009094238281e+00,-1.965941309928894043e+00
7.569423198699951172e+00,5.549677848815917969e+00
8.696817398071289062e+00,7.216794967651367188e+00
6.909036159515380859e+00,5.829709529876708984e+00
8.825417518615722656e+00,5.804057598114013672e+00
8.529105186462402344e+00,1.460528850555419922e+01
7.327171325683593750e+00,5.533780574798583984e+00
1.089526939392089844e+01,1.343978214263916016e+01
8.814342498779296875e+00,8.818037986755371094e+00
-5.645921707153320312e+00,6.388285160064697266e+00
7.341541767120361328e+00,4.891448497772216797e+00
9.823372840881347656e+00,1.416667461395263672e+01
7.480514049530029297e+00,6.202830314636230469e+00
1.062738132476806641e+01,1.333272171020507812e+01
8.318704605102539062e+00,6.917819023132324219e+00
1.075147151947021484e+01,1.411529636383056641e+01
9.159802436828613281e+00,1.452347087860107422e+01
8.451051712036132812e+00,6.234030246734619141e+00
1.071271324157714844e+01,1.368537712097167969e+01
8.687318801879882812e+00,9.729818344116210938e+00
7.714133739471435547e+00,6.423893451690673828e+00
8.751783370971679688e+00,7.212284088134765625e+00
7.636338233947753906e+00,5.022546291351318359e+00
6.404306411743164062e+00,8.042910575866699219e+00
6.369568824768066406e+00,5.624094963073730469e+00
7.966902732849121094e+00,5.443137645721435547e+00
1.080182170867919922e+01,1.328741264343261719e+01
-6.450115203857421875e+00,1.105767250061035156e+01
7.551529884338378906e+00,7.238925457000732422e+00
-7.187401771545410156e+00,7.616235256195068359e+00
7.225055694580078125e+00,6.167995929718017578e+00
7.039625644683837891e+00,5.412526607513427734e+00
7.252712249755859375e+00,8.010963439941406250e+00
8.016427993774414062e+00,6.667126178741455078e+00
-6.054560184478759766e+00,1.108098220825195312e+01
8.709215164184570312e+00,8.617121696472167969e+00
-5.901273250579833984e+00,6.537450790405273438e+00
1.084414291381835938e+01,1.325168609619140625e+01
7.928276538848876953e+00,1.382281208038330078e+01
6.282373905181884766e+00,4.838162899017333984e+00
6.822623252868652344e+00,5.907320976257324219e+00
-5.478878498077392578e+00,6.738478660583496094e+00
9.237412452697753906e+00,8.808150291442871094e+00
8.397613525390625000e+00,7.381943702697753906e+00
9.044702529907226562e+00,1.491184043884277344e+01
-9.638790130615234375e+00,1.089426422119140625e+01
-8.766978263854980469e+00,9.127150535583496094e+00
6.578789234161376953e+00,-1.327630043029785156e+00
-9.566602706909179688e+00,9.518958091735839844e+00
5.293847084045410156e+00,7.653869152069091797e+00
4.512222766876220703e+00,9.755414009094238281e+00
6.120383262634277344e+00,7.407005310058593750e+00
5.084523200988769531e+00,8.808040618896484375e+00
3.550952434539794922e+00,9.583255767822265625e+00
5.682919025421142578e+00,-1.239660382270812988e+00
7.293621540069580078e+00,9.316244125366210938e+00
1.102298164367675781e+01,1.061701869964599609e+01
1.081132316589355469e+01,1.071346855163574219e+01
8.912981986999511719e+00,1.173011302947998047e+01
6.098304271697998047e+00,8.291485786437988281e+00
9.825389862060546875e+00,1.010728836059570312e+01
5.089194297790527344e+00,9.404033660888671875e+00
6.656790256500244141e+00,-2.437292337417602539e+00
5.134232044219970703e+00,9.050939559936523438e+00
3.585896015167236328e+00,8.178222656250000000e+00
5.497074127197265625e+00,-1.459836244583129883e+00
5.544999122619628906e+00,-2.020861864089965820e+00
6.056535243988037109e+00,-2.226253509521484375e+00
1.103256511688232422e+01,1.202039432525634766e+01
4.410872936248779297e+00,7.101750850677490234e+00
1.005727672576904297e+01,1.247192764282226562e+01
8.329494476318359375e+00,1.475663852691650391e+01
-9.370260238647460938e+00,1.107925891876220703e+01
4.816349029541015625e+00,7.929038047790527344e+00
3.572325229644775391e+00,9.895630836486816406e+00
6.353476524353027344e+00,-1.502621531486511230e+00
7.625667572021484375e+00,1.309289169311523438e+01
8.294643402099609375e+00,1.090781497955322266e+01
-9.447652816772460938e+00,9.672999382019042969e+00
-9.151124000549316406e+00,8.609528541564941406e+00
-9.747021675109863281e+00,1.010181808471679688e+01
4.953354835510253906e+00,8.794780731201171875e+00
-8.739836692810058594e+00,8.820209503173828125e+00
6.335881233215332031e+00,-9.530004262924194336e-01
9.848958015441894531e+00,1.265682601928710938e+01
5.289683341979980469e+00,6.167458057403564453e+00
6.016883373260498047e+00,-1.537468433380126953e+00
5.919996261596679688e+00,-4.078800678253173828e-01
1.059029388427734375e+01,1.263237380981445312e+01
5.983017921447753906e+00,7.964621543884277344e+00
-8.446151733398437500e+00,1.064947509765625000e+01
6.121902465820312500e+00,8.775795936584472656e+00
5.413691997528076172e+00,7.861076831817626953e+00
8.892430305480957031e+00,1.127191448211669922e+01
6.809254169464111328e+00,9.713519096374511719e+00
6.791196823120117188e+00,9.460693359375000000e+00
5.933257102966308594e+00,-1.618479013442993164e+00
-9.431313514709472656e+00,1.028112983703613281e+01
1.051341056823730469e+01,1.006294345855712891e+01
4.677387237548828125e+00,8.125650405883789062e+00
4.226888179779052734e+00,7.801486492156982422e+00
-9.178585052490234375e+00,1.152303409576416016e+01
4.820380687713623047e+00,7.792713165283203125e+00
-9.064069747924804688e+00,1.174555301666259766e+01
4.589023113250732422e+00,-2.228826522827148438e+00
1.063473892211914062e+01,1.079246330261230469e+01
-8.526054382324218750e+00,8.870118141174316406e+00
7.902477264404296875e+00,1.105584526062011719e+01
5.713536262512207031e+00,9.340988159179687500e+00
4.429343223571777344e+00,7.991881847381591797e+00
9.192766189575195312e+00,1.141495513916015625e+01
9.501196861267089844e+00,1.197350120544433594e+01
9.533937454223632812e+00,1.298254776000976562e+01
9.243906974792480469e+00,1.009137535095214844e+01
6.232628822326660156e+00,4.172833919525146484e+00
3.232192516326904297e+00,8.501857757568359375e+00
-9.335522651672363281e+00,9.302456855773925781e+00
1.024975967407226562e+01,1.066353034973144531e+01
-9.498582839965820312e+00,8.820197105407714844e+00
8.889142990112304688e+00,1.029753112792968750e+01
9.356195449829101562e+00,1.058044528961181641e+01
9.877651214599609375e+00,1.160229110717773438e+01
3.362089872360229492e+00,8.202721595764160156e+00
6.017163276672363281e+00,7.686423778533935547e+00
5.790849685668945312e+00,6.318838596343994141e+00
6.167723178863525391e+00,-2.603022098541259766e+00
5.071813106536865234e+00,-2.164118528366088867e+00
-9.599471092224121094e+00,1.177303123474121094e+01
5.336855411529541016e+00,7.349400997161865234e+00
5.356638431549072266e+00,-1.157090187072753906e+00
9.832414627075195312e+00,1.290595626831054688e+01
6.735732555389404297e+00,1.167373657226562500e+01
-8.557341575622558594e+00,1.181463527679443359e+01
5.756414890289306641e+00,9.439724922180175781e+00
4.867237567901611328e+00,7.258544445037841797e+00
3.783668279647827148e+00,8.973098754882812500e+00
1.030955696105957031e+01,1.235713863372802734e+01
4.588744640350341797e+00,6.436830043792724609e+00
9.475325584411621094e+00,1.239088535308837891e+01
3.752473592758178711e+00,9.323486328125000000e+00
4.924578666687011719e+00,8.817194938659667969e+00
9.801914215087890625e+00,1.052493667602539062e+01
-1.013881778717041016e+01,1.105829811096191406e+01
9.711982727050781250e+00,1.226936912536621094e+01
8.406071662902832031e+00,1.072311210632324219e+01
1.008057594299316406e+01,1.105423831939697266e+01
-6.249760150909423828e+00,1.060711574554443359e+01
1.041230297088623047e+01,1.187025547027587891e+01
-8.933437347412109375e+00,1.167938995361328125e+01
5.495662689208984375e+00,-2.598555088043212891e+00
4.376255035400390625e+00,1.033042907714843750e+01
5.735481739044189453e+00,-9.772480130195617676e-01
-1.098872947692871094e+01,8.825134277343750000e+00
6.505398750305175781e+00,-1.964906573295593262e+00
5.922611713409423828e+00,9.644633293151855469e+00
9.440566062927246094e+00,1.354201889038085938e+01
8.364845275878906250e+00,1.117945289611816406e+01
5.518181800842285156e+00,7.692219257354736328e+00
4.421195507049560547e+00,8.362494468688964844e+00
5.103332996368408203e+00,9.854644775390625000e+00
4.903708457946777344e+00,7.481429576873779297e+00
-9.507453918457031250e+00,9.809502601623535156e+00
5.558029651641845703e+00,1.007224273681640625e+01
4.997558116912841797e+00,7.785126209259033203e+00
9.503857612609863281e+00,1.039928722381591797e+01
3.470624923706054688e+00,8.148816108703613281e+00
8.964787483215332031e+00,1.153421115875244141e+01
-8.851667404174804688e+00,1.017447090148925781e+01
6.038520812988281250e+00,7.087010860443115234e+00
5.705922126770019531e+00,7.855604648590087891e+00
-9.161979675292968750e+00,9.608985900878906250e+00
6.349200725555419922e+00,-1.373458504676818848e+00
8.044075012207031250e+00,1.270172595977783203e+01
1.046995162963867188e+01,1.193538665771484375e+01
1.065305614471435547e+01,1.242790126800537109e+01
8.372122764587402344e+00,1.060658836364746094e+01
3.156900644302368164e+00,7.905734539031982422e+00
-1.014980983734130859e+01,1.102450561523437500e+01
5.437070846557617188e+00,-6.282922625541687012e-01
1.014883899688720703e+01,1.260651016235351562e+01
4.977869033813476562e+00,7.970030784606933594e+00
8.147422790527343750e+00,1.199281883239746094e+01
5.697763919830322266e+00,8.481499671936035156e+00
4.764221668243408203e+00,8.711415290832519531e+00
3.487697839736938477e+00,6.515109539031982422e+00
5.384160041809082031e+00,-1.763849973678588867e+00
7.061706066131591797e+00,9.639075279235839844e+00
3.775430917739868164e+00,8.676332473754882812e+00
4.120801925659179688e+00,1.024407196044921875e+01
1.060517311096191406e+01,1.155366992950439453e+01
-9.914401054382324219e+00,9.272652626037597656e+00
1.099452972412109375e+01,1.155384063720703125e+01
-9.662905693054199219e+00,1.154408454895019531e+01
1.143475627899169922e+01,1.267943191528320312e+01
-8.394430160522460938e+00,1.136254024505615234e+01
1.009312725067138672e+01,1.224070262908935547e+01
7.462096691131591797e+00,1.003132820129394531e+01
-9.399126052856445312e+00,1.151955223083496094e+01
-9.061221122741699219e+00,9.400351524353027344e+00
9.364692687988281250e+00,1.167560958862304688e+01
4.114445209503173828e+00,8.518704414367675781e+00
1.014464759826660156e+01,1.075938034057617188e+01
9.059065818786621094e+00,1.001822948455810547e+01
4.008724689483642578e+00,7.260063171386718750e+00
1.120174598693847656e+01,1.291445827484130859e+01
6.724889755249023438e+00,1.005616950988769531e+01
4.650851249694824219e+00,6.219969749450683594e+00
1.015757846832275391e+01,1.097682094573974609e+01
5.329227447509765625e+00,8.312067031860351562e+00
3.665320873260498047e+00,8.930500984191894531e+00
4.749542236328125000e+00,7.812889099121093750e+00
5.321676731109619141e+00,-9.048683643341064453e-01
1.111724376678466797e+01,1.111293315887451172e+01
3.735019445419311523e+00,7.650687217712402344e+00
5.560943603515625000e+00,8.841918945312500000e+00
5.279890060424804688e+00,7.681398391723632812e+00
-1.034905052185058594e+01,9.456267356872558594e+00
-9.684912681579589844e+00,9.252900123596191406e+00
4.566981315612792969e+00,9.147615432739257812e+00
9.957676887512207031e+00,1.080364990234375000e+01
6.015505790710449219e+00,6.476480007171630859e+00
-9.346760749816894531e+00,1.093301677703857422e+01
8.911919593811035156e+00,1.002121353149414062e+01
1.035041332244873047e+01,1.067666339874267578e+01
5.110144138336181641e+00,1.054414653778076172e+01
-1.026516437530517578e+01,1.113368606567382812e+01
5.616048336029052734e+00,8.840329170227050781e+00
6.248222827911376953e+00,4.100838661193847656e+00
5.452017784118652344e+00,8.415430068969726562e+00
6.032812118530273438e+00,1.117837619781494141e+01
3.080645084381103516e+00,8.663040161132812500e+00
5.041161060333251953e+00,8.839835166931152344e+00
9.701388359069824219e+00,1.201596736907958984e+01
6.133771419525146484e+00,-2.470737934112548828e+00
-9.858605384826660156e+00,9.954513549804687500e+00
3.506386756896972656e+00,6.986177921295166016e+00
-8.806291580200195312e+00,8.491413116455078125e+00
5.833950042724609375e+00,2.035234570503234863e-01
9.220164299011230469e+00,1.275470161437988281e+01
9.408150672912597656e+00,1.137914657592773438e+01
2.763258934020996094e+00,9.065861701965332031e+00
-9.407034873962402344e+00,1.197343540191650391e+01
-8.838666915893554688e+00,1.155181789398193359e+01
4.213063716888427734e+00,6.954043388366699219e+00
6.128985404968261719e+00,-2.159517765045166016e+00
-1.000117111206054688e+01,1.041901683807373047e+01
8.146312713623046875e+00,6.143686294555664062e+00
-8.552002906799316406e+00,9.563332557678222656e+00
-9.136488914489746094e+00,1.031077766418457031e+01
1.005077934265136719e+01,1.243522644042968750e+01
9.889390945434570312e+00,1.116057395935058594e+01
4.357489585876464844e+00,8.104874610900878906e+00
-9.917294502258300781e+00,9.836823463439941406e+00
-9.337001800537109375e+00,8.642592430114746094e+00
3.795462369918823242e+00,9.651894569396972656e+00
-1.033510684967041016e+01,1.002276992797851562e+01
-9.892291069030761719e+00,1.144413185119628906e+01
5.811934947967529297e+00,-5.071418285369873047e-01
6.394563674926757812e+00,8.962573051452636719e+00
4.433005809783935547e+00,7.569115638732910156e+00
4.696824550628662109e+00,-1.412805080413818359e+00
1.071572208404541016e+01,1.133373069763183594e+01
9.840411186218261719e+00,1.188954353332519531e+01
4.314080715179443359e+00,7.117494583129882812e+00
-9.789734840393066406e+00,1.017496299743652344e+01
7.920295715332031250e+00,1.054830169677734375e+01
4.865713119506835938e+00,8.882598876953125000e+00
6.158791065216064453e+00,9.222537040710449219e+00
4.093107223510742188e+00,7.915045261383056641e+00
4.318078041076660156e+00,6.644151210784912109e+00
6.582594394683837891e+00,-2.048181533813476562e+00
4.297065734863281250e+00,8.490280151367187500e+00
6.637501239776611328e+00,8.921309471130371094e+00
1.026766777038574219e+01,1.122915840148925781e+01
3.387330532073974609e+00,8.346079826354980469e+00
6.675791740417480469e+00,-1.714383125305175781e+00
5.328365325927734375e+00,7.608662128448486328e+00
-8.884326934814453125e+00,1.015648269653320312e+01
5.930106163024902344e+00,-1.368437707424163818e-01
5.368640422821044922e+00,-1.318110585212707520e+00
1.013504695892333984e+01,1.393004608154296875e+01
5.365806579589843750e+00,-2.622888088226318359e+00
1.130194377899169922e+01,1.209488201141357422e+01
4.065787315368652344e+00,7.591067790985107422e+00
6.521622657775878906e+00,8.289313316345214844e+00
4.690370082855224609e+00,1.047866153717041016e+01
6.781971454620361328e+00,-2.080112457275390625e+00
4.866644859313964844e+00,-1.827763438224792480e+00
6.017457008361816406e+00,-6.928822994232177734e-01
4.780257225036621094e+00,8.566669464111328125e+00
9.420439720153808594e+00,1.038083839416503906e+01
4.583352565765380859e+00,8.776210784912109375e+00
-1.044782257080078125e+01,9.393052101135253906e+00
5.182911396026611328e+00,8.945203781127929688e+00
5.586909294128417969e+00,7.210229873657226562e+00
4.451371669769287109e+00,8.112911224365234375e+00
1.097683334350585938e+01,1.117263412475585938e+01
7.069861412048339844e+00,7.660108089447021484e+00
3.777776002883911133e+00,6.617201328277587891e+00
-9.118071556091308594e+00,9.463670730590820312e+00
6.155750274658203125e+00,7.982274532318115234e+00
7.382640838623046875e+00,1.067583370208740234e+01
4.456738948822021484e+00,9.862431526184082031e+00
9.586896896362304688e+00,9.770002365112304688e+00
-6.449334144592285156e+00,1.049279689788818359e+01
8.830142974853515625e+00,1.149586009979248047e+01
5.097041606903076172e+00,8.826272964477539062e+00
6.368165493011474609e+00,-2.725023031234741211e+00
6.500634670257568359e+00,-1.341350793838500977e+00
6.154628753662109375e+00,1.081089019775390625e+01
5.858311653137207031e+00,8.298233032226562500e+00
6.768008708953857422e+00,1.007604312896728516e+01
6.967008590698242188e+00,1.186948108673095703e+01
-9.940979957580566406e+00,9.746640205383300781e+00
1.047053527832031250e+01,1.147774600982666016e+01
-8.677545547485351562e+00,1.118474864959716797e+01
1.127631378173828125e+01,1.213982200622558594e+01
-8.755820274353027344e+00,1.148164749145507812e+01
4.327521800994873047e+00,6.987606048583984375e+00
5.991633892059326172e+00,-2.095273971557617188e+00
-9.451601028442382812e+00,8.630753517150878906e+00
8.929920196533203125e+00,1.246342754364013672e+01
4.222825527191162109e+00,9.567124366760253906e+00
8.609735488891601562e+00,9.224590301513671875e+00
8.771586418151855469e+00,1.205682182312011719e+01
1.042608165740966797e+01,1.293721485137939453e+01
1.020096206665039062e+01,1.133555412292480469e+01
4.831934928894042969e+00,1.004397201538085938e+01
5.872695446014404297e+00,7.179635047912597656e+00
5.755699634552001953e+00,7.662120819091796875e+00
9.767868995666503906e+00,1.134447002410888672e+01
5.709848403930664062e+00,7.955049514770507812e+00
9.399155616760253906e+00,1.214717483520507812e+01
5.536617755889892578e+00,9.732239723205566406e+00
5.275846004486083984e+00,-1.946530342102050781e+00
-9.969160079956054688e+00,1.151610755920410156e+01
3.981387615203857422e+00,9.122106552124023438e+00
6.316852092742919922e+00,6.580605983734130859e+00
5.203116416931152344e+00,7.401780128479003906e+00
5.178129673004150391e+00,9.393941879272460938e+00
1.094030952453613281e+01,1.140534400939941406e+01
-8.601202011108398438e+00,9.785928726196289062e+00
5.310293197631835938e+00,9.126854896545410156e+00
5.619130611419677734e+00,8.686666488647460938e+00
3.731976509094238281e+00,1.002016639709472656e+01
9.427460670471191406e+00,1.214456272125244141e+01
-9.862546920776367188e+00,9.867018699645996094e+00
9.619456291198730469e+00,1.068111991882324219e+01
7.422658920288085938e+00,1.168831634521484375e+01
7.964922428131103516e+00,1.022293949127197266e+01
6.024660110473632812e+00,7.367249488830566406e+00
1.046919345855712891e+01,1.179922676086425781e+01
7.190124034881591797e+00,9.428480148315429688e+00
6.423976898193359375e+00,9.363231658935546875e+00
8.853168487548828125e+00,1.101029682159423828e+01
4.973154067993164062e+00,1.016520690917968750e+01
8.471870422363281250e+00,1.063302230834960938e+01
5.259946346282958984e+00,9.635652542114257812e+00
5.062053680419921875e+00,-9.741070866584777832e-01
-6.258706569671630859e+00,1.035958099365234375e+01
7.645370483398437500e+00,1.131786251068115234e+01
4.610200405120849609e+00,1.054217147827148438e+01
6.144961357116699219e+00,-2.727218627929687500e+00
1.079473686218261719e+01,1.029103088378906250e+01
-7.860676288604736328e+00,1.101112365722656250e+01
5.050379276275634766e+00,7.445811748504638672e+00
9.869250297546386719e+00,1.194207859039306641e+01
-9.315094947814941406e+00,9.576683044433593750e+00
5.664447307586669922e+00,8.570899009704589844e+00
5.596387863159179688e+00,1.088755512237548828e+01
5.831475734710693359e+00,6.685522556304931641e+00
8.607234001159667969e+00,1.185026359558105469e+01
6.261644363403320312e+00,7.851556301116943359e+00
3.537990570068359375e+00,9.418725013732910156e+00
3.684075832366943359e+00,8.059774398803710938e+00
9.194687843322753906e+00,1.143226814270019531e+01
4.174164295196533203e+00,9.669771194458007812e+00
-9.480896949768066406e+00,9.044023513793945312e+00
-9.779575347900390625e+00,1.099027442932128906e+01
4.519215106964111328e+00,7.817911148071289062e+00
5.936727046966552734e+00,9.992601394653320312e+00
5.949230670928955078e+00,9.752702713012695312e+00
4.774377822875976562e+00,1.066772365570068359e+01
6.922366619110107422e+00,7.930923461914062500e+00
4.384610176086425781e+00,7.688277721405029297e+00
9.881419181823730469e+00,1.233697223663330078e+01
9.875066757202148438e+00,1.171285247802734375e+01
4.926838397979736328e+00,6.110788822174072266e+00
5.199270725250244141e+00,8.847645759582519531e+00
9.106328010559082031e+00,1.420137214660644531e+01
-8.881157875061035156e+00,9.486405372619628906e+00
5.314549446105957031e+00,6.673421859741210938e+00
6.142226219177246094e+00,-1.448364257812500000e+00
8.193458557128906250e+00,1.218693923950195312e+01
-9.636898994445800781e+00,1.186633872985839844e+01
7.511978149414062500e+00,1.238351154327392578e+01
5.731542587280273438e+00,-2.415410995483398438e+00
8.522736549377441406e+00,7.216398715972900391e+00
3.446995973587036133e+00,7.348303318023681641e+00
6.544797897338867188e+00,8.839026451110839844e+00
3.470598220825195312e+00,8.777617454528808594e+00
5.765263557434082031e+00,9.530747413635253906e+00
-9.689674377441406250e+00,9.265934944152832031e+00
7.859479427337646484e+00,1.017300033569335938e+01
3.487293720245361328e+00,8.929579734802246094e+00
4.510393142700195312e+00,6.064249515533447266e+00
6.193497657775878906e+00,1.125225543975830078e+01
-9.182352066040039062e+00,1.108742904663085938e+01
8.806447982788085938e+00,1.045985698699951172e+01
1.008864498138427734e+01,1.290618801116943359e+01
3.892444849014282227e+00,9.425586700439453125e+00
9.260514259338378906e+00,1.347362136840820312e+01
9.810472488403320312e+00,1.150356960296630859e+01
5.258469104766845703e+00,1.032506847381591797e+01
4.283554077148437500e+00,7.675978183746337891e+00
-6.129210948944091797e+00,1.044111347198486328e+01
-9.673875808715820312e+00,9.191204071044921875e+00
4.801581859588623047e+00,6.854165077209472656e+00
9.366782188415527344e+00,1.168265533447265625e+01
6.924411773681640625e+00,1.101183319091796875e+01
7.647206306457519531e+00,1.223131561279296875e+01
4.490136623382568359e+00,7.509417533874511719e+00
-9.517402648925781250e+00,1.074863433837890625e+01
5.054321289062500000e+00,6.987066745758056641e+00
4.073839187622070312e+00,7.032248020172119141e+00
9.299457550048828125e+00,1.046675395965576172e+01
9.636837959289550781e+00,1.056367874145507812e+01
6.376734733581542969e+00,7.646953582763671875e+00
6.232280731201171875e+00,9.781630516052246094e+00
9.611380577087402344e+00,1.319374942779541016e+01
5.925217628479003906e+00,8.484449386596679688e+00
8.755664825439453125e+00,1.028962039947509766e+01
7.927068233489990234e+00,1.063400650024414062e+01
1.062457942962646484e+01,1.150240898132324219e+01
6.233006954193115234e+00,-2.733783483505249023e+00
1.053378105163574219e+01,1.029908370971679688e+01
4.880279541015625000e+00,9.523209571838378906e+00
3.894855737686157227e+00,1.006082916259765625e+01
5.559855461120605469e+00,1.049112796783447266e+01
7.051774024963378906e+00,1.091693115234375000e+01
1.016839599609375000e+01,1.187484455108642578e+01
-9.111400604248046875e+00,1.068887329101562500e+01
8.336688995361328125e+00,9.156615257263183594e+00
5.036623954772949219e+00,-1.265505671501159668e+00
7.090938568115234375e+00,1.124689197540283203e+01
3.710521459579467773e+00,8.192676544189453125e+00
5.915996074676513672e+00,7.625140666961669922e+00
4.720139980316162109e+00,6.518072128295898438e+00
7.282240390777587891e+00,1.161099433898925781e+01
6.878290653228759766e+00,1.126245021820068359e+01
3.218437433242797852e+00,9.211526870727539062e+00
8.000308990478515625e+00,7.959135055541992188e+00
-9.150772094726562500e+00,1.153671932220458984e+01
-8.849661827087402344e+00,9.275565147399902344e+00
1.022620582580566406e+01,1.254902267456054688e+01
5.262752532958984375e+00,-1.349139332771301270e+00
4.276345729827880859e+00,8.120872497558593750e+00
7.610366821289062500e+00,7.765990257263183594e+00
-9.252746582031250000e+00,1.184593868255615234e+01
7.554729938507080078e+00,9.449012756347656250e+00
3.729105234146118164e+00,8.455481529235839844e+00
1.020267200469970703e+01,1.039311599731445312e+01
8.806741714477539062e+00,9.838637351989746094e+00
1.094723415374755859e+01,1.264543533325195312e+01
8.336833000183105469e+00,1.277887153625488281e+01
-9.401850700378417969e+00,1.197898674011230469e+01
1.044976139068603516e+01,1.127085018157958984e+01
8.967306137084960938e+00,1.077903747558593750e+01
5.457700252532958984e+00,9.036559104919433594e+00
4.457460403442382812e+00,8.215429306030273438e+00
4.386224269866943359e+00,7.671600341796875000e+00
5.664171218872070312e+00,-2.586712121963500977e+00
5.428603172302246094e+00,7.049850940704345703e+00
7.236510753631591797e+00,1.136742591857910156e+01
3.961916446685791016e+00,9.244256973266601562e+00
-9.153268814086914062e+00,8.515419960021972656e+00
-9.389163017272949219e+00,9.363387107849121094e+00
9.374880790710449219e+00,1.311259078979492188e+01
1.099112892150878906e+01,1.270635414123535156e+01
1.001333713531494141e+01,1.021549510955810547e+01
-6.786138057708740234e+00,1.061957645416259766e+01
-1.052940654754638672e+01,1.075034523010253906e+01
5.161428451538085938e+00,7.592961311340332031e+00
-1.027693843841552734e+01,1.139404487609863281e+01
6.247079849243164062e+00,4.150703430175781250e+00
8.489616394042968750e+00,1.140034580230712891e+01
4.701155662536621094e+00,6.972263813018798828e+00
-8.913455963134765625e+00,1.093050193786621094e+01
5.407726287841796875e+00,7.019449234008789062e+00
4.118157386779785156e+00,8.928878784179687500e+00
3.972039699554443359e+00,9.654397964477539062e+00
5.174948215484619141e+00,7.862565517425537109e+00
7.337815761566162109e+00,9.993341445922851562e+00
-1.058888244628906250e+01,9.231303215026855469e+00
6.342360973358154297e+00,-2.265431404113769531e+00
5.148683547973632812e+00,1.073872184753417969e+01
5.629240512847900391e+00,1.004951763153076172e+01
6.344441890716552734e+00,9.766084671020507812e+00
6.222388267517089844e+00,-1.047917127609252930e+00
6.537840843200683594e+00,6.737770080566406250e+00
4.823571681976318359e+00,-1.688429594039916992e+00
6.342934608459472656e+00,1.061727142333984375e+01
4.145689487457275391e+00,7.849407196044921875e+00
8.143018722534179688e+00,9.850219726562500000e+00
5.332026481628417969e+00,6.817442893981933594e+00
5.533009052276611328e+00,9.151658058166503906e+00
7.743698120117187500e+00,1.174681663513183594e+01
5.269530773162841797e+00,8.092191696166992188e+00
5.069311141967773438e+00,8.934722900390625000e+00
8.419933319091796875e+00,8.174147605895996094e+00
9.444542884826660156e+00,1.041898250579833984e+01
9.227053642272949219e+00,9.816194534301757812e+00
5.476550102233886719e+00,-1.625592470169067383e+00
6.831635951995849609e+00,7.823366641998291016e+00
7.022184371948242188e+00,9.585144042968750000e+00
9.898725509643554688e+00,1.016316223144531250e+01
7.513341426849365234e+00,1.050584030151367188e+01
9.228541374206542969e+00,1.079360389709472656e+01
4.036336421966552734e+00,8.527073860168457031e+00
8.077337265014648438e+00,1.191723251342773438e+01
-6.152307510375976562e+00,1.050302410125732422e+01
9.872275352478027344e+00,1.176315116882324219e+01
1.107919025421142578e+01,1.093846035003662109e+01
4.860620498657226562e+00,-7.365710139274597168e-01
3.979331493377685547e+00,7.206585407257080078e+00
4.056480407714843750e+00,7.549691677093505859e+00
8.551112174987792969e+00,1.003946399688720703e+01
5.779850006103515625e+00,-2.605363845825195312e+00
4.958708763122558594e+00,6.509492397308349609e+00
4.609756469726562500e+00,6.764393329620361328e+00
9.372208595275878906e+00,9.801095008850097656e+00
9.129498481750488281e+00,1.192140769958496094e+01
4.936372756958007812e+00,7.847673892974853516e+00
3.087119817733764648e+00,8.151786804199218750e+00
7.127014160156250000e+00,1.030665302276611328e+01
9.475849151611328125e+00,1.421601295471191406e+01
7.159850597381591797e+00,8.465894699096679688e+00
2.751584291458129883e+00,8.787956237792968750e+00
4.192203521728515625e+00,8.175324440002441406e+00
-9.392927169799804688e+00,8.891414642333984375e+00
5.324828624725341797e+00,-8.240284323692321777e-01
3.736459016799926758e+00,8.144515037536621094e+00
7.266614437103271484e+00,8.694887161254882812e+00
4.597050666809082031e+00,9.199648857116699219e+00
4.072936534881591797e+00,1.005263900756835938e+01
9.445565223693847656e+00,1.019112110137939453e+01
6.380827426910400391e+00,9.338586807250976562e+00
1.057995796203613281e+01,1.185148239135742188e+01
1.010573196411132812e+01,9.681268692016601562e+00
8.631970405578613281e+00,9.415616989135742188e+00
7.989745616912841797e+00,1.080197906494140625e+01
6.078978538513183594e+00,1.023177623748779297e+01
3.879466056823730469e+00,7.691674709320068359e+00
-8.651251792907714844e+00,1.009361743927001953e+01
5.258045196533203125e+00,-2.343482971191406250e+00
4.145672798156738281e+00,7.638849258422851562e+00
5.444779872894287109e+00,-2.049435138702392578e+00
9.803360939025878906e+00,1.077153205871582031e+01
-9.521913528442382812e+00,1.005219173431396484e+01
9.020654678344726562e+00,1.239467620849609375e+01
6.949720382690429688e+00,9.624836921691894531e+00
5.657509803771972656e+00,1.104767704010009766e+01
1.030979633331298828e+01,1.098466873168945312e+01
8.738045692443847656e+00,1.187633895874023438e+01
8.491093635559082031e+00,9.603466987609863281e+00
-9.256243705749511719e+00,1.129461002349853516e+01
5.124644279479980469e+00,7.852541923522949219e+00
3.628521680831909180e+00,9.473081588745117188e+00
1.022353458404541016e+01,1.092476558685302734e+01
3.362252712249755859e+00,6.604641437530517578e+00
1.093078231811523438e+01,1.078685379028320312e+01
-8.593654632568359375e+00,1.089308452606201172e+01
4.803790569305419922e+00,9.405372619628906250e+00
-9.010042190551757812e+00,9.493858337402343750e+00
6.069078922271728516e+00,8.643944740295410156e+00
5.198679924011230469e+00,8.518242835998535156e+00
1.042357826232910156e+01,1.217825317382812500e+01
9.455927848815917969e+00,1.181894683837890625e+01
-7.297944068908691406e+00,1.065442276000976562e+01
5.794783592224121094e+00,9.012711524963378906e+00
4.749787807464599609e+00,-1.351701617240905762e+00
4.079197406768798828e+00,9.762672424316406250e+00
4.236999988555908203e+00,9.000536918640136719e+00
5.957244873046875000e+00,7.476919651031494141e+00
4.591151237487792969e+00,-2.281420469284057617e+00
6.736214160919189453e+00,1.054838466644287109e+01
3.435608863830566406e+00,8.701264381408691406e+00
5.789022922515869141e+00,9.732581138610839844e+00
3.950843334197998047e+00,8.795572280883789062e+00
1.054999065399169922e+01,1.085686016082763672e+01
4.302402973175048828e+00,6.459560871124267578e+00
3.293819189071655273e+00,9.030208587646484375e+00
4.345018863677978516e+00,8.685534477233886719e+00
7.809454917907714844e+00,1.095248508453369141e+01
6.163041114807128906e+00,1.115488433837890625e+01
4.234918594360351562e+00,1.002806854248046875e+01
9.547660827636718750e+00,1.038723278045654297e+01
1.005468273162841797e+01,1.299750137329101562e+01
9.490480422973632812e+00,1.049425411224365234e+01
7.658358573913574219e+00,1.218285369873046875e+01
9.598411560058593750e+00,1.151976490020751953e+01
-6.361253738403320312e+00,1.061469841003417969e+01
5.863580703735351562e+00,7.292671680450439453e+00
6.447241306304931641e+00,-2.452272891998291016e+00
-8.768373489379882812e+00,1.053527736663818359e+01
6.258896827697753906e+00,1.083151340484619141e+01
5.452000141143798828e+00,9.811735153198242188e+00
4.513941764831542969e+00,9.330392837524414062e+00
1.076193428039550781e+01,1.055147743225097656e+01
9.690921783447265625e+00,1.105596065521240234e+01
1.015003681182861328e+01,1.116061019897460938e+01
1.041817283630371094e+01,1.136369514465332031e+01
-1.011974716186523438e+01,9.400291442871093750e+00
9.047261238098144531e+00,1.112469959259033203e+01
7.812226295471191406e+00,1.021626949310302734e+01
1.119749832153320312e+01,1.300028133392333984e+01
5.258067131042480469e+00,1.054760360717773438e+01
-8.700228691101074219e+00,8.808261871337890625e+00
9.720301628112792969e+00,9.692681312561035156e+00
4.547004699707031250e+00,7.228899002075195312e+00
1.118058300018310547e+01,1.211707019805908203e+01
8.182588577270507812e+00,1.113780403137207031e+01
4.866597175598144531e+00,-1.421447992324829102e+00
4.832889080047607422e+00,1.041035747528076172e+01
5.341854572296142578e+00,1.063973617553710938e+01
4.657008171081542969e+00,9.764801025390625000e+00
4.972921371459960938e+00,7.141073226928710938e+00
9.172163963317871094e+00,1.008516979217529297e+01
-8.570768356323242188e+00,1.158272933959960938e+01
-9.624874114990234375e+00,1.033660507202148438e+01
8.628754615783691406e+00,1.108171272277832031e+01
-1.034127044677734375e+01,1.061479282379150391e+01
5.174801826477050781e+00,9.785249710083007812e+00
4.939823627471923828e+00,8.150218009948730469e+00
3.460778474807739258e+00,7.541989326477050781e+00
4.772304534912109375e+00,7.459932327270507812e+00
6.543338298797607422e+00,1.086037254333496094e+01
8.560710906982421875e+00,1.036749267578125000e+01
9.577079772949218750e+00,1.111660766601562500e+01
9.277452468872070312e+00,1.398310756683349609e+01
5.650857448577880859e+00,9.262020111083984375e+00
5.645427703857421875e+00,9.394108772277832031e+00
1.007348918914794922e+01,1.170240592956542969e+01
-9.993931770324707031e+00,9.145630836486816406e+00
4.690126895904541016e+00,8.752164840698242188e+00
8.396396636962890625e+00,1.239472675323486328e+01
-8.066390037536621094e+00,1.029164791107177734e+01
3.865387916564941406e+00,9.553294181823730469e+00
8.851326942443847656e+00,7.799742698669433594e+00
4.225049018859863281e+00,1.012288188934326172e+01
2.961041688919067383e+00,8.517998695373535156e+00
5.437052726745605469e+00,1.105161857604980469e+01
-9.099769592285156250e+00,1.195957851409912109e+01
7.261410713195800781e+00,7.854691505432128906e+00
3.483698129653930664e+00,7.277903556823730469e+00
7.047943592071533203e+00,9.805153846740722656e+00
6.626843929290771484e+00,9.462747573852539062e+00
3.827984094619750977e+00,7.381129741668701172e+00
-9.482940673828125000e+00,1.071411132812500000e+01
-6.520015716552734375e+00,1.040040779113769531e+01
3.404559612274169922e+00,9.498259544372558594e+00
6.621882915496826172e+00,-1.936200261116027832e+00
4.079378604888916016e+00,7.308692455291748047e+00
6.218320846557617188e+00,9.938377380371093750e+00
4.403736591339111328e+00,9.473772048950195312e+00
4.611945629119873047e+00,8.178218841552734375e+00
4.116781234741210938e+00,9.513747215270996094e+00
5.534591197967529297e+00,6.406360626220703125e+00
3.552078247070312500e+00,8.857191085815429688e+00
9.997034072875976562e+00,1.036302089691162109e+01
1.069834232330322266e+01,1.039027309417724609e+01
3.401419401168823242e+00,9.020672798156738281e+00
5.779258728027343750e+00,1.033201313018798828e+01
6.226533889770507812e+00,4.231003761291503906e+00
1.029175090789794922e+01,1.136697196960449219e+01
1.099739837646484375e+01,1.186190319061279297e+01
5.446359157562255859e+00,8.032500267028808594e+00
5.629777908325195312e+00,9.641655921936035156e+00
1.026678848266601562e+01,1.213556003570556641e+01
5.913404941558837891e+00,6.368189811706542969e+00
7.536366939544677734e+00,1.260326194763183594e+01
3.679486036300659180e+00,8.602158546447753906e+00
6.989109992980957031e+00,1.143299579620361328e+01
1.059337520599365234e+01,1.144212627410888672e+01
6.855885028839111328e+00,9.249002456665039062e+00
9.142747879028320312e+00,1.278844356536865234e+01
4.812335014343261719e+00,1.059860134124755859e+01
4.304287910461425781e+00,9.242470741271972656e+00
9.809336662292480469e+00,1.303344440460205078e+01
9.460331916809082031e+00,1.232557868957519531e+01
5.131392478942871094e+00,-1.263939380645751953e+00
-1.068835449218750000e+01,9.002412796020507812e+00
1.112724113464355469e+01,1.130415344238281250e+01
5.110269069671630859e+00,7.825708866119384766e+00
6.485705852508544922e+00,-1.305911302566528320e+00
9.481122970581054688e+00,1.354418087005615234e+01
1.065524101257324219e+01,1.175092029571533203e+01
1.028659725189208984e+01,1.097316932678222656e+01
-9.045338630676269531e+00,9.595954895019531250e+00
5.344747066497802734e+00,8.298315048217773438e+00
6.046949863433837891e+00,1.136022853851318359e+01
-1.099413681030273438e+01,8.834524154663085938e+00
1.031285190582275391e+01,1.207495975494384766e+01
5.916914939880371094e+00,9.412669181823730469e+00
7.058205127716064453e+00,1.128829288482666016e+01
9.149771690368652344e+00,1.396660900115966797e+01
1.032080936431884766e+01,9.919165611267089844e+00
9.605706214904785156e+00,1.191453933715820312e+01
4.126260757446289062e+00,9.429946899414062500e+00
7.205996036529541016e+00,9.301491737365722656e+00
1.128814125061035156e+01,1.226762104034423828e+01
5.724545001983642578e+00,9.913229942321777344e+00
5.775071620941162109e+00,-1.925089597702026367e+00
-9.596016883850097656e+00,1.049978256225585938e+01
9.723435401916503906e+00,1.116976165771484375e+01
-8.226863861083984375e+00,8.366123199462890625e+00
5.602309703826904297e+00,8.189033508300781250e+00
3.896250247955322266e+00,8.971863746643066406e+00
5.987943172454833984e+00,6.888488769531250000e+00
9.559027671813964844e+00,1.155758094787597656e+01
5.251614093780517578e+00,8.182406425476074219e+00
5.099853038787841797e+00,7.997290134429931641e+00
9.509999275207519531e+00,9.701121330261230469e+00
-9.613543510437011719e+00,1.147342491149902344e+01
6.318260669708251953e+00,-1.163839221000671387e+00
6.617812156677246094e+00,-1.682350397109985352e+00
9.119754791259765625e+00,1.123631381988525391e+01
3.122413873672485352e+00,7.836118221282958984e+00
1.029320049285888672e+01,1.002432727813720703e+01
6.177238941192626953e+00,6.378712177276611328e+00
4.282903671264648438e+00,9.241100311279296875e+00
-9.505767822265625000e+00,8.847094535827636719e+00
9.495370864868164062e+00,7.345052719116210938e+00
6.574529170989990234e+00,1.059614562988281250e+01
5.798964977264404297e+00,-1.699824810028076172e+00
4.287023067474365234e+00,9.205544471740722656e+00
3.976343393325805664e+00,7.474001407623291016e+00
1.066777801513671875e+01,1.082311153411865234e+01
3.844051122665405273e+00,8.626178741455078125e+00
6.361844539642333984e+00,8.090070724487304688e+00
5.975543975830078125e+00,-1.358402132987976074e+00
6.154770374298095703e+00,-2.769373178482055664e+00
6.136886119842529297e+00,-1.265685915946960449e+00
4.689475059509277344e+00,7.366030693054199219e+00
6.086539745330810547e+00,1.040108108520507812e+01
9.962169647216796875e+00,1.158536624908447266e+01
-9.443758010864257812e+00,9.891662597656250000e+00
5.319507598876953125e+00,9.753153800964355469e+00
5.023620128631591797e+00,9.743821144104003906e+00
-1.019641399383544922e+01,1.038879299163818359e+01
-9.303088188171386719e+00,8.601883888244628906e+00
9.441782951354980469e+00,9.921866416931152344e+00
9.193679809570312500e+00,1.336270236968994141e+01
9.227483749389648438e+00,9.982571601867675781e+00
6.920487880706787109e+00,-2.449979543685913086e+00
-1.006157112121582031e+01,9.685539245605468750e+00
-8.939442634582519531e+00,1.159027481079101562e+01
7.060632228851318359e+00,1.139865970611572266e+01
7.475500106811523438e+00,1.132808399200439453e+01
5.118745326995849609e+00,-1.769094228744506836e+00
7.241270065307617188e+00,1.080356788635253906e+01
5.538187503814697266e+00,9.056579589843750000e+00
-8.648234367370605469e+00,1.100928878784179688e+01
6.588752269744873047e+00,9.932174682617187500e+00
6.186582088470458984e+00,-1.039832830429077148e+00
7.223079204559326172e+00,1.237870788574218750e+01
3.056342840194702148e+00,8.452993392944335938e+00
-9.787487983703613281e+00,9.459964752197265625e+00
5.121930599212646484e+00,1.023462009429931641e+01
-9.258951187133789062e+00,1.059554195404052734e+01
4.941973209381103516e+00,8.649732589721679688e+00
-1.003639984130859375e+01,9.321650505065917969e+00
5.799938201904296875e+00,8.572160720825195312e+00
4.742846012115478516e+00,9.292206764221191406e+00
5.030817031860351562e+00,8.773333549499511719e+00
4.720672130584716797e+00,8.852743148803710938e+00
-9.732909202575683594e+00,1.129105949401855469e+01
6.133353233337402344e+00,-1.603456974029541016e+00
4.321498870849609375e+00,8.997503280639648438e+00
4.151061534881591797e+00,9.432382583618164062e+00
6.436037540435791016e+00,7.387526988983154297e+00
4.771269321441650391e+00,1.005829524993896484e+01
-1.008299446105957031e+01,1.108508586883544922e+01
3.802277803421020508e+00,8.526415824890136719e+00
6.156912803649902344e+00,8.904146194458007812e+00
9.082517623901367188e+00,1.078026771545410156e+01
5.686431884765625000e+00,7.766021728515625000e+00
9.289638519287109375e+00,1.080933475494384766e+01
5.298428535461425781e+00,9.115342140197753906e+00
9.134415626525878906e+00,1.147563552856445312e+01
6.698146820068359375e+00,-2.036423683166503906e+00
6.009083271026611328e+00,-8.862305879592895508e-01
5.934515953063964844e+00,8.146016120910644531e+00
3.482569694519042969e+00,8.115734100341796875e+00
-9.672598838806152344e+00,1.039417171478271484e+01
-9.039539337158203125e+00,1.158326435089111328e+01
3.171320438385009766e+00,8.855031967163085938e+00
5.744215488433837891e+00,-2.398623466491699219e+00
5.774485588073730469e+00,-8.536071181297302246e-01
6.935691833496093750e+00,7.858233451843261719e+00
1.086247539520263672e+01,1.096833705902099609e+01
8.107052803039550781e+00,1.067287540435791016e+01
1.017968940734863281e+01,1.207812023162841797e+01
9.319585800170898438e+00,1.255349922180175781e+01
6.395961761474609375e+00,-2.312921524047851562e+00
7.439429759979248047e+00,1.179992008209228516e+01
-8.786343574523925781e+00,1.000631141662597656e+01
5.998859405517578125e+00,1.662817597389221191e-01
5.074486732482910156e+00,1.004530525207519531e+01
9.118521690368652344e+00,1.044604587554931641e+01
-1.016407585144042969e+01,1.021523475646972656e+01
-9.068003654479980469e+00,9.275384902954101562e+00
3.303675413131713867e+00,9.153207778930664062e+00
5.050329685211181641e+00,7.100112438201904297e+00
7.974766254425048828e+00,1.184728527069091797e+01
4.614958763122558594e+00,-2.067916393280029297e+00
-1.039252853393554688e+01,9.937561988830566406e+00
5.973191738128662109e+00,-1.571336984634399414e+00
9.986286163330078125e+00,1.176612281799316406e+01
8.775866508483886719e+00,1.108756828308105469e+01
