1.536325168609619141e+01,8.036088943481445312e+00
1.484702873229980469e+01,8.281229972839355469e+00
1.249224472045898438e+01,1.434186744689941406e+01
1.446453094482421875e+01,8.335754394531250000e+00
1.288562202453613281e+01,4.283058345317840576e-01
1.117846012115478516e+01,6.852349638938903809e-01
1.018512153625488281e+01,1.446449089050292969e+01
1.385030555725097656e+01,4.398906230926513672e+00
1.122689342498779297e+01,8.706189990043640137e-01
1.377652740478515625e+01,4.505128860473632812e+00
1.282574367523193359e+01,3.996877372264862061e-01
1.580823135375976562e+01,7.376071929931640625e+00
1.115051364898681641e+01,2.014574766159057617e+00
1.578536128997802734e+01,8.237104415893554688e+00
9.806011199951171875e+00,1.430463314056396484e+01
1.581231594085693359e+01,6.057275772094726562e+00
1.322159671783447266e+01,1.519691586494445801e+00
1.445976066589355469e+01,1.969271183013916016e+00
1.487697410583496094e+01,7.042927265167236328e+00
1.237571811676025391e+01,1.695212483406066895e+00
1.343217945098876953e+01,3.169748544692993164e+00
1.269000434875488281e+01,1.425811672210693359e+01
1.288199520111083984e+01,1.410313320159912109e+01
1.381962966918945312e+01,3.323113918304443359e+00
1.326888561248779297e+01,1.394745349884033203e+00
1.347603988647460938e+01,3.058870315551757812e+00
1.576490879058837891e+01,7.092067241668701172e+00
1.182540416717529297e+01,1.419720411300659180e+00
1.585792064666748047e+01,7.788558483123779297e+00
1.277922153472900391e+01,1.416220569610595703e+01
1.225768184661865234e+01,1.638808131217956543e+00
1.074978160858154297e+01,1.507754135131835938e+01
1.383361244201660156e+01,3.640450000762939453e+00
1.395067691802978516e+01,4.539882659912109375e+00
1.636182785034179688e+01,-7.128718376159667969e+00
1.384195327758789062e+01,1.847205638885498047e+00
1.160421466827392578e+01,1.638437151908874512e+00
1.563182544708251953e+01,7.920202255249023438e+00
1.328878688812255859e+01,1.919021010398864746e+00
1.296894264221191406e+01,2.014923691749572754e-01
1.644333839416503906e+01,-7.126773834228515625e+00
1.371909427642822266e+01,5.282440662384033203e+00
1.346734714508056641e+01,7.392344474792480469e-01
1.283405399322509766e+01,3.560811519622802734e+00
1.322918796539306641e+01,4.614107608795166016e+00
1.622055244445800781e+01,7.288354396820068359e+00
1.242076396942138672e+01,4.442794919013977051e-01
1.472077369689941406e+01,2.618339776992797852e+00
1.053128814697265625e+01,1.485398292541503906e+01
1.173533535003662109e+01,8.133842349052429199e-01
1.381046676635742188e+01,7.439809799194335938e+00
1.429377937316894531e+01,7.309822082519531250e+00
1.188187980651855469e+01,-1.982554644346237183e-01
1.296802902221679688e+01,2.405776083469390869e-01
1.139304733276367188e+01,1.804269194602966309e+00
1.652879142761230469e+01,-6.473957538604736328e+00
1.494515800476074219e+01,2.227234363555908203e+00
1.450815391540527344e+01,8.000133514404296875e+00
1.134811210632324219e+01,1.475637245178222656e+01
1.410706233978271484e+01,1.884098887443542480e+00
1.530581855773925781e+01,5.883291244506835938e+00
1.478038883209228516e+01,7.587208271026611328e+00
1.530805015563964844e+01,7.391311645507812500e+00
9.674786567687988281e+00,1.441755390167236328e+01
1.373040771484375000e+01,1.731841802597045898e+00
1.129347991943359375e+01,1.825474619865417480e+00
1.355208587646484375e+01,4.982416152954101562e+00
1.392128086090087891e+01,6.774603366851806641e+00
1.289378166198730469e+01,2.390092372894287109e+00
1.037489414215087891e+01,1.471656322479248047e+01
1.384104251861572266e+01,2.909129381179809570e+00
1.610896110534667969e+01,7.447464942932128906e+00
1.334564781188964844e+01,3.937845945358276367e+00
1.128170299530029297e+01,2.901264429092407227e-01
1.340536117553710938e+01,4.121022224426269531e+00
1.403396320343017578e+01,2.562690258026123047e+00
1.227130413055419922e+01,1.226008176803588867e+00
1.657233810424804688e+01,-7.130977630615234375e+00
1.171794891357421875e+01,4.716486632823944092e-01
1.432233333587646484e+01,8.236420631408691406e+00
1.360529994964599609e+01,2.096108198165893555e+00
1.472822570800781250e+01,2.067582368850708008e+00
1.479298591613769531e+01,4.083715438842773438e+00
1.378837108612060547e+01,2.121981143951416016e+00
1.109341526031494141e+01,1.494609928131103516e+01
1.253208637237548828e+01,3.028248846530914307e-01
1.105978107452392578e+01,1.485555267333984375e+01
1.358596611022949219e+01,3.380502223968505859e+00
1.404251766204833984e+01,8.252293586730957031e+00
1.402025032043457031e+01,8.023133277893066406e+00
1.282086181640625000e+01,1.511394739151000977e+00
1.346668624877929688e+01,4.645217418670654297e+00
1.443780422210693359e+01,1.616557121276855469e+00
1.437304687500000000e+01,2.242115020751953125e+00
1.067830753326416016e+01,1.489023590087890625e+01
1.168326854705810547e+01,2.412552982568740845e-01
1.653118705749511719e+01,8.328984260559082031e+00
1.208903217315673828e+01,2.040492773056030273e+00
1.633577728271484375e+01,7.202702522277832031e+00
1.264983844757080078e+01,1.655403494834899902e+00
1.651036834716796875e+01,8.214491844177246094e+00
1.193231868743896484e+01,-2.328855693340301514e-01
1.385221004486083984e+01,4.090131282806396484e+00
1.294357681274414062e+01,2.559555053710937500e+00
1.607573509216308594e+01,-7.432693004608154297e+00
1.121254920959472656e+01,1.073936462402343750e+00
1.088331508636474609e+01,1.211685895919799805e+00
1.140776634216308594e+01,1.046635985374450684e+00
1.583241367340087891e+01,8.054968833923339844e+00
1.295763206481933594e+01,2.433212995529174805e-01
1.423999786376953125e+01,1.336856722831726074e+00
1.377825641632080078e+01,1.097568988800048828e+00
1.293326568603515625e+01,3.193007946014404297e+00
1.345162963867187500e+01,2.105862140655517578e+00
1.431227397918701172e+01,7.446045398712158203e+00
1.289290809631347656e+01,3.619235277175903320e+00
1.441777896881103516e+01,3.198040962219238281e+00
1.561118316650390625e+01,7.274256229400634766e+00
1.458742523193359375e+01,3.097893714904785156e+00
1.640865135192871094e+01,-7.207022666931152344e+00
1.475884914398193359e+01,7.123642921447753906e+00
1.103523540496826172e+01,1.513551330566406250e+01
1.675698852539062500e+01,8.046428680419921875e+00
1.422140121459960938e+01,2.207813739776611328e+00
1.515788269042968750e+01,7.176681041717529297e+00
1.508599281311035156e+01,6.136798381805419922e+00
1.267308235168457031e+01,2.438139766454696655e-01
1.397778511047363281e+01,5.164384365081787109e+00
1.281495094299316406e+01,3.911551237106323242e+00
1.405227661132812500e+01,1.992060065269470215e+00
1.461454486846923828e+01,7.189568996429443359e+00
1.267766189575195312e+01,1.223460078239440918e+00
1.635692596435546875e+01,7.408252239227294922e+00
1.328816604614257812e+01,9.745246767997741699e-01
1.380031299591064453e+01,5.063756942749023438e+00
1.474881553649902344e+01,2.405222654342651367e+00
1.650062561035156250e+01,-6.412221431732177734e+00
1.105393409729003906e+01,1.599983692169189453e+00
1.505349731445312500e+01,8.141596794128417969e+00
1.359829235076904297e+01,4.104379177093505859e+00
1.654959297180175781e+01,7.743637561798095703e+00
1.350530052185058594e+01,2.749347209930419922e+00
1.629004859924316406e+01,7.672783374786376953e+00
1.103938102722167969e+01,4.446453452110290527e-01
1.211044883728027344e+01,2.296483278274536133e+00
1.654200744628906250e+01,-6.832245349884033203e+00
1.339216327667236328e+01,2.683693885803222656e+00
1.284993457794189453e+01,7.826214432716369629e-01
1.245117473602294922e+01,1.004049301147460938e+00
1.408411121368408203e+01,2.555103778839111328e+00
1.328359127044677734e+01,3.203868150711059570e+00
1.643955612182617188e+01,-6.365509033203125000e+00
1.218718814849853516e+01,9.449536800384521484e-01
1.417826938629150391e+01,3.149257421493530273e+00
1.207846832275390625e+01,5.848144739866256714e-02
1.311778736114501953e+01,2.958103179931640625e+00
1.633073616027832031e+01,-6.140759468078613281e+00
1.467575740814208984e+01,4.084931850433349609e+00
1.610922431945800781e+01,7.952201843261718750e+00
1.240215587615966797e+01,1.519207656383514404e-01
1.225494003295898438e+01,8.113345503807067871e-01
1.439509868621826172e+01,7.665804386138916016e+00
1.650232696533203125e+01,7.430373668670654297e+00
1.392399883270263672e+01,4.724149227142333984e+00
1.186704730987548828e+01,7.103717923164367676e-01
1.181328487396240234e+01,1.452275562286376953e+01
1.431724739074707031e+01,2.157491922378540039e+00
1.609533119201660156e+01,6.627804756164550781e+00
1.566838741302490234e+01,6.238538265228271484e+00
1.250009441375732422e+01,2.514802932739257812e+00
1.182909202575683594e+01,1.399018168449401855e+00
1.412324333190917969e+01,1.613094568252563477e+00
1.322572612762451172e+01,7.655715942382812500e-01
1.195144844055175781e+01,1.443975257873535156e+01
1.182184982299804688e+01,1.290612697601318359e+00
1.617607498168945312e+01,7.571408271789550781e+00
1.087355422973632812e+01,1.525607490539550781e+01
1.448671913146972656e+01,8.265487670898437500e+00
1.232569694519042969e+01,3.255047798156738281e+00
1.426521015167236328e+01,2.451267004013061523e+00
1.063129615783691406e+01,1.453169250488281250e+01
1.516777038574218750e+01,8.306406021118164062e+00
1.090954685211181641e+01,1.325167179107666016e+00
1.456096553802490234e+01,3.025085210800170898e+00
1.416102027893066406e+01,8.290116310119628906e+00
1.629710197448730469e+01,7.301187992095947266e+00
1.211366176605224609e+01,4.317981898784637451e-01
1.501307964324951172e+01,8.251008987426757812e+00
1.623622703552246094e+01,-7.162786483764648438e+00
1.643643760681152344e+01,-6.975145339965820312e+00
1.387656974792480469e+01,3.635874986648559570e+00
1.173473930358886719e+01,-1.124859005212783813e-01
1.365731239318847656e+01,1.264609694480895996e+00
1.281702136993408203e+01,3.039584875106811523e+00
1.361982727050781250e+01,2.766109943389892578e+00
1.635354423522949219e+01,8.296036720275878906e+00
1.268710041046142578e+01,1.426281356811523438e+01
1.398671150207519531e+01,7.311881542205810547e+00
1.625116539001464844e+01,-7.292064666748046875e+00
1.351046657562255859e+01,2.414386272430419922e+00
1.252396488189697266e+01,6.861147284507751465e-01
1.425178432464599609e+01,8.152212142944335938e+00
1.326565837860107422e+01,2.604323863983154297e+00
1.293428802490234375e+01,1.712820053100585938e+00
1.549612712860107422e+01,6.975243091583251953e+00
1.275723171234130859e+01,3.676715612411499023e+00
1.102451992034912109e+01,2.975293397903442383e-01
1.429712581634521484e+01,1.178204417228698730e+00
1.612129402160644531e+01,-7.422339439392089844e+00
1.150616073608398438e+01,1.368875384330749512e+00
1.058498859405517578e+01,1.458848571777343750e+01
1.660313987731933594e+01,-6.618015766143798828e+00
9.875516891479492188e+00,1.431166839599609375e+01
1.082150650024414062e+01,1.586143493652343750e+00
1.440609359741210938e+01,8.210753440856933594e+00
1.420490837097167969e+01,2.634150505065917969e+00
1.455811023712158203e+01,2.288551092147827148e+00
1.430558300018310547e+01,7.672519683837890625e+00
9.733498573303222656e+00,1.419365787506103516e+01
1.127861118316650391e+01,1.455626010894775391e+01
1.323638248443603516e+01,3.776588678359985352e+00
1.571214008331298828e+01,7.429941177368164062e+00
1.213446235656738281e+01,5.395790562033653259e-02
1.283049964904785156e+01,2.577416658401489258e+00
1.385923385620117188e+01,1.738265752792358398e+00
1.123267364501953125e+01,7.036603689193725586e-01
1.299484729766845703e+01,1.703943371772766113e+00
1.414548397064208984e+01,7.023945331573486328e+00
1.102938079833984375e+01,6.641271114349365234e-01
1.149276924133300781e+01,1.448536014556884766e+01
1.235080528259277344e+01,2.435870647430419922e+00
1.150661468505859375e+01,6.585744023323059082e-01
1.297215652465820312e+01,3.451750516891479492e+00
1.340450382232666016e+01,4.418897628784179688e+00
1.335697078704833984e+01,1.259480595588684082e+00
1.585729980468750000e+01,6.687554836273193359e+00
1.403114509582519531e+01,9.830655455589294434e-01
1.566029930114746094e+01,6.350589275360107422e+00
1.622850036621093750e+01,8.163394927978515625e+00
1.184483718872070312e+01,5.934922695159912109e-01
1.387012100219726562e+01,4.159533977508544922e+00
1.453681945800781250e+01,7.833146095275878906e+00
1.351276397705078125e+01,4.888948440551757812e+00
1.621934890747070312e+01,-5.912778854370117188e+00
1.660503005981445312e+01,7.567769527435302734e+00
1.637971305847167969e+01,-6.226291179656982422e+00
1.196436786651611328e+01,7.203782200813293457e-01
1.349338245391845703e+01,2.824127197265625000e+00
1.072485446929931641e+01,1.432543754577636719e+00
1.214911460876464844e+01,2.782609872519969940e-02
1.605185127258300781e+01,7.020926475524902344e+00
1.204482269287109375e+01,2.111551284790039062e+00
1.376871490478515625e+01,7.703332901000976562e+00
1.371580791473388672e+01,4.797172546386718750e+00
1.082010746002197266e+01,1.441525173187255859e+01
1.137807083129882812e+01,1.752131581306457520e+00
1.599924755096435547e+01,7.657931804656982422e+00
1.300845146179199219e+01,1.132173180580139160e+00
1.383591842651367188e+01,7.578952312469482422e+00
1.469997882843017578e+01,3.907120704650878906e+00
1.465379619598388672e+01,7.965343952178955078e+00
1.611103820800781250e+01,7.144802093505859375e+00
1.338135433197021484e+01,2.408884286880493164e+00
1.453597450256347656e+01,7.392439842224121094e+00
1.391178035736083984e+01,4.981646537780761719e+00
1.238449192047119141e+01,3.420916199684143066e-01
1.379714679718017578e+01,1.670668959617614746e+00
1.117670536041259766e+01,2.890354692935943604e-01
1.489268875122070312e+01,2.651237010955810547e+00
1.247322082519531250e+01,3.131379604339599609e+00
1.127202415466308594e+01,1.320081353187561035e+00
1.410290527343750000e+01,7.631733417510986328e+00
1.238657951354980469e+01,1.432550144195556641e+01
1.420505046844482422e+01,2.688648939132690430e+00
1.006515502929687500e+01,1.459253120422363281e+01
1.225680351257324219e+01,8.353304862976074219e-01
1.266271495819091797e+01,1.335847616195678711e+00
1.424552822113037109e+01,3.913084268569946289e+00
1.288167572021484375e+01,1.868467926979064941e+00
1.278025627136230469e+01,1.421900463104248047e+01
1.460347747802734375e+01,3.937989473342895508e+00
1.091425609588623047e+01,1.485251426696777344e+01
1.497833728790283203e+01,6.671750068664550781e+00
1.552709579467773438e+01,6.145966529846191406e+00
1.211323261260986328e+01,2.637418270111083984e+00
1.173782062530517578e+01,1.116052985191345215e+00
1.107252407073974609e+01,1.449820613861083984e+01
1.361493587493896484e+01,4.624969005584716797e+00
1.433724308013916016e+01,3.083668231964111328e+00
1.602150535583496094e+01,6.979273796081542969e+00
-7.792474746704101562e+00,6.621104717254638672e+00
-9.419998168945312500e+00,4.487821102142333984e+00
2.664518654346466064e-01,-3.595618158578872681e-02
-9.678273200988769531e+00,4.800583839416503906e+00
3.443235456943511963e-01,2.163205862045288086e+00
4.566330611705780029e-01,2.695312500000000000e+00
1.720418930053710938e+00,4.170615196228027344e+00
-1.350555419921875000e+00,5.825921058654785156e+00
-1.282271862030029297e+00,6.295414924621582031e+00
-1.032691240310668945e+00,-8.525497317314147949e-01
2.297924757003784180e+00,6.632076263427734375e+00
1.685803294181823730e+00,8.876769065856933594e+00
7.774755358695983887e-01,1.014861774444580078e+01
-1.157589256763458252e-01,9.717390060424804688e+00
2.063206195831298828e+00,3.463816404342651367e+00
2.610348224639892578e+00,8.876804351806640625e+00
-6.242532981559634209e-04,5.113151073455810547e+00
-6.176276206970214844e-01,-1.217382550239562988e+00
5.174537301063537598e-01,4.344935417175292969e+00
6.432093977928161621e-01,3.497622728347778320e+00
-9.524703621864318848e-01,-1.490424752235412598e+00
-1.021989703178405762e+00,-1.233061850070953369e-01
-7.291808724403381348e-01,-3.750918507575988770e-01
7.154623270034790039e-01,1.099145126342773438e+01
1.234894514083862305e+00,4.584439754486083984e+00
5.842759013175964355e-01,1.092745208740234375e+01
2.723233997821807861e-01,8.849476814270019531e+00
-8.626701354980468750e+00,6.319097518920898438e+00
1.244101405143737793e+00,4.930613040924072266e+00
-9.595618247985839844e-01,4.209991455078125000e+00
-8.680055737495422363e-01,2.913023531436920166e-02
-7.781947255134582520e-01,9.526221275329589844e+00
1.641461849212646484e+00,1.026349449157714844e+01
-8.208258628845214844e+00,5.311465740203857422e+00
-9.015510559082031250e+00,4.100946426391601562e+00
-8.570065498352050781e+00,5.032048702239990234e+00
-6.711137294769287109e-01,4.389991760253906250e+00
-9.517941474914550781e+00,4.014615535736083984e+00
-6.424683332443237305e-01,-4.647551178932189941e-01
1.412780046463012695e+00,1.048635673522949219e+01
3.512587398290634155e-02,3.518559217453002930e+00
-2.952308058738708496e-01,-8.581973910331726074e-01
-3.420606136322021484e+00,6.257650375366210938e+00
2.100405931472778320e+00,1.050364685058593750e+01
1.071297883987426758e+00,3.414908409118652344e+00
-8.848069190979003906e+00,5.692074775695800781e+00
1.430009365081787109e+00,5.769675731658935547e+00
2.155223637819290161e-01,4.049397945404052734e+00
9.278671741485595703e-01,8.370253562927246094e+00
-2.283315658569335938e+00,6.669637203216552734e+00
1.825872510671615601e-01,6.392096042633056641e+00
-4.137465357780456543e-01,-4.760278388857841492e-02
-8.117832183837890625e+00,5.206521511077880859e+00
2.345845222473144531e+00,9.767134666442871094e+00
-1.444858431816101074e+00,4.816235542297363281e+00
1.233981013298034668e+00,3.004955768585205078e+00
-9.177690505981445312e+00,6.353976249694824219e+00
1.521964907646179199e+00,3.610693216323852539e+00
-9.130426406860351562e+00,6.725945949554443359e+00
-1.321185827255249023e+00,-1.429877161979675293e+00
1.600130319595336914e+00,1.009412860870361328e+01
-9.113603591918945312e+00,3.745180845260620117e+00
1.442249059677124023e+00,8.021349906921386719e+00
1.639688491821289062e+00,5.700635433197021484e+00
-2.882564663887023926e-01,2.628432035446166992e+00
2.504686117172241211e-01,9.759099006652832031e+00
1.623910903930664062e+00,9.816384315490722656e+00
-1.253261327743530273e+00,1.012374401092529297e+01
1.968744993209838867e+00,9.487240791320800781e+00
-3.858883142471313477e+00,6.619558334350585938e+00
-2.101740360260009766e+00,4.556564807891845703e+00
-9.637595176696777344e+00,5.432166099548339844e+00
2.122875213623046875e+00,9.192978858947753906e+00
-8.819098472595214844e+00,4.352640151977539062e+00
1.854728341102600098e+00,8.355857849121093750e+00
4.201943874359130859e-01,8.861234664916992188e+00
1.088831901550292969e+00,8.944488525390625000e+00
-1.440750002861022949e+00,4.983747959136962891e+00
-1.231639385223388672e+00,3.987692356109619141e+00
-1.766165971755981445e+00,3.520318269729614258e+00
4.638507366180419922e-01,-2.295618355274200439e-01
-1.338143467903137207e+00,4.331794753670692444e-02
-7.661058902740478516e+00,6.704280376434326172e+00
-2.637363672256469727e-01,4.020885944366455078e+00
-6.828425526618957520e-01,-1.377082705497741699e+00
2.022590875625610352e+00,9.602151870727539062e+00
1.573589444160461426e+00,6.848379611968994141e+00
-8.389254570007324219e+00,6.910002708435058594e+00
-3.277941644191741943e-01,3.706171274185180664e+00
-6.957213878631591797e-01,3.040043115615844727e+00
7.606443762779235840e-01,2.946009397506713867e+00
1.898813009262084961e+00,1.050889110565185547e+01
5.822681784629821777e-01,2.865091562271118164e+00
1.643440604209899902e+00,9.130415916442871094e+00
-1.794521689414978027e+00,4.390945911407470703e+00
-6.538141369819641113e-01,3.754838943481445312e+00
1.283317327499389648e+00,9.565732002258300781e+00
-9.423736572265625000e+00,6.174984931945800781e+00
1.703263044357299805e+00,1.017453193664550781e+01
4.179289340972900391e-01,8.783445358276367188e+00
1.285320043563842773e+00,9.566866874694824219e+00
-8.565306663513183594e+00,8.134669303894042969e+00
3.883160352706909180e-01,1.064806747436523438e+01
-8.037305831909179688e+00,7.099692344665527344e+00
-2.314192056655883789e-01,-6.509275436401367188e-01
1.377140402793884277e+00,4.343351364135742188e+00
-7.564012706279754639e-02,-8.051485419273376465e-01
-1.038042259216308594e+01,5.910289287567138672e+00
4.389509558677673340e-02,-1.199550747871398926e+00
-1.905228853225708008e+00,6.038701057434082031e+00
1.022726178169250488e+00,1.135305213928222656e+01
8.259922862052917480e-01,8.014671325683593750e+00
-1.352044463157653809e+00,4.883618354797363281e+00
1.253780722618103027e+00,4.161045074462890625e+00
-1.390641689300537109e+00,6.130638122558593750e+00
-4.504195749759674072e-01,5.352875709533691406e+00
-7.692327499389648438e+00,5.892283916473388672e+00
-1.474289178848266602e+00,6.078568458557128906e+00
-4.150508642196655273e-01,3.069118499755859375e+00
2.655128836631774902e-01,8.010012626647949219e+00
-9.296246618032455444e-02,3.275038957595825195e+00
7.197882980108261108e-02,1.061918067932128906e+01
-9.643029212951660156e+00,5.941778659820556641e+00
1.463229298591613770e+00,5.147360324859619141e+00
1.567272543907165527e+00,5.318482875823974609e+00
-9.159410476684570312e+00,3.851259469985961914e+00
-1.253146290779113770e+00,-1.184613704681396484e+00
-1.035892367362976074e+00,9.849570274353027344e+00
9.552088975906372070e-01,1.117940902709960938e+01
6.279041767120361328e-01,1.029420375823974609e+01
6.192196607589721680e-01,9.210474967956542969e+00
-2.572309970855712891e+00,6.230506420135498047e+00
-8.309825897216796875e+00,6.886458396911621094e+00
-9.867124557495117188e-01,4.834507405757904053e-01
1.506199121475219727e+00,1.023984527587890625e+01
1.402961492538452148e+00,4.611975193023681641e+00
-5.961843132972717285e-01,1.004778003692626953e+01
7.517158389091491699e-01,3.723290681838989258e+00
1.735782265663146973e+00,2.964894056320190430e+00
2.247219681739807129e-01,3.777898788452148438e+00
2.423943132162094116e-01,-5.501260757446289062e-01
-1.909180879592895508e+00,6.544395446777343750e+00
1.525721907615661621e+00,3.986653089523315430e+00
4.410868138074874878e-02,4.779048442840576172e+00
4.217346906661987305e-01,9.595850944519042969e+00
-8.893671989440917969e+00,5.083334922790527344e+00
-1.187965273857116699e-01,9.394694328308105469e+00
-9.447607994079589844e+00,6.629700660705566406e+00
1.179671168327331543e+00,9.142326354980468750e+00
-8.231973648071289062e+00,7.983728885650634766e+00
2.280044108629226685e-01,1.096454334259033203e+01
4.943077862262725830e-01,6.953828811645507812e+00
-8.192316055297851562e+00,6.121536254882812500e+00
-7.763060569763183594e+00,5.733615875244140625e+00
1.522853016853332520e+00,9.125624656677246094e+00
-1.714229822158813477e+00,4.532565593719482422e+00
3.492642939090728760e-01,1.049357032775878906e+01
2.309436321258544922e+00,9.155546188354492188e+00
2.922603487968444824e-01,3.464668989181518555e+00
1.542371749877929688e+00,9.161770820617675781e+00
-1.931391596794128418e+00,6.934508323669433594e+00
-1.363391876220703125e+00,4.065916538238525391e+00
2.472607791423797607e-01,1.054307174682617188e+01
-8.725325465202331543e-01,4.421486854553222656e+00
-1.976735711097717285e+00,5.095306873321533203e+00
-4.853432476520538330e-01,4.920604228973388672e+00
-7.508699893951416016e-01,-1.719192713499069214e-01
1.244656205177307129e+00,1.048458766937255859e+01
-1.261001229286193848e+00,3.478642225265502930e+00
-4.107647538185119629e-01,4.134033203125000000e+00
5.457117557525634766e-01,4.316236019134521484e+00
-9.487756729125976562e+00,5.245186805725097656e+00
-8.835275650024414062e+00,5.215067386627197266e+00
-1.691865682601928711e+00,4.184013843536376953e+00
2.965046763420104980e-01,8.874252319335937500e+00
-1.410982728004455566e+00,3.974009275436401367e+00
-9.052206039428710938e+00,5.660503387451171875e+00
8.673534989356994629e-01,9.254186630249023438e+00
2.540368556976318359e+00,1.033200740814208984e+01
2.109350442886352539e+00,6.211955547332763672e+00
-8.678153038024902344e+00,6.490762233734130859e+00
6.305934190750122070e-01,5.484175205230712891e+00
-3.598870515823364258e+00,6.434947967529296875e+00
-3.213575184345245361e-01,5.185365676879882812e+00
1.624147176742553711e+00,6.464182376861572266e+00
-6.959359645843505859e-01,4.702828407287597656e+00
-1.691541075706481934e+00,4.890367507934570312e+00
2.088203877210617065e-01,9.703526496887207031e+00
-5.240797400474548340e-01,-8.849500864744186401e-02
-7.532292366027832031e+00,5.831831932067871094e+00
6.679040193557739258e-01,2.312729597091674805e+00
-8.628442764282226562e+00,4.137896537780761719e+00
-3.172453403472900391e+00,6.293226718902587891e+00
-2.087556123733520508e-01,9.989669799804687500e+00
1.506884098052978516e-01,8.840603828430175781e+00
1.067893266677856445e+00,3.277299165725708008e+00
-8.828485488891601562e+00,6.337757110595703125e+00
-7.598036766052246094e+00,6.534547328948974609e+00
-1.965750336647033691e+00,3.929576396942138672e+00
-1.952902674674987793e-01,-4.399808645248413086e-01
-1.002839469909667969e+01,4.374368667602539062e+00
1.539849758148193359e+00,4.698364734649658203e+00
-9.449826240539550781e+00,4.170188903808593750e+00
-9.704508781433105469e+00,6.172529697418212891e+00
4.026092588901519775e-01,1.094000434875488281e+01
2.248374700546264648e+00,9.308303833007812500e+00
2.267549753189086914e+00,3.091057538986206055e+00
-7.908590793609619141e+00,5.554939270019531250e+00
-9.328794479370117188e+00,4.556144714355468750e+00
5.720821619033813477e-01,2.195648670196533203e+00
-1.030145454406738281e+01,4.708481311798095703e+00
-9.639151573181152344e+00,4.631283760070800781e+00
-1.066272616386413574e+00,8.841991424560546875e-01
3.123829066753387451e-01,7.780104160308837891e+00
-5.762303471565246582e-01,3.535119056701660156e+00
-7.621284127235412598e-01,-1.303338706493377686e-01
1.857477545738220215e+00,7.952695846557617188e+00
8.169993162155151367e-01,9.719889640808105469e+00
-1.287714481353759766e+00,4.860697746276855469e+00
-9.571740150451660156e+00,5.534998416900634766e+00
-1.664469718933105469e+00,7.218042850494384766e+00
-1.337004542350769043e+00,5.446848869323730469e+00
-5.275961160659790039e-01,5.398302555084228516e+00
-1.933738589286804199e+00,4.385660648345947266e+00
1.222624897956848145e+00,3.885558128356933594e+00
1.848756521940231323e-01,-6.436547636985778809e-01
1.678993821144104004e+00,2.581371545791625977e+00
1.243941426277160645e+00,5.018921375274658203e+00
1.878383159637451172e+00,8.711463928222656250e+00
-7.072688341140747070e-01,4.986593246459960938e+00
4.873653352260589600e-01,-7.070720791816711426e-01
-8.672648072242736816e-01,4.735383987426757812e+00
-1.000205039978027344e+01,4.400459289550781250e+00
-1.389540791511535645e+00,1.242839574813842773e+00
-5.627146959304809570e-01,-1.339845180511474609e+00
8.589973449707031250e-01,1.052723884582519531e+01
-3.435512483119964600e-01,-2.085450291633605957e-01
1.462816119194030762e+00,1.126669883728027344e+01
1.568321466445922852e+00,4.197948455810546875e+00
-2.142294049263000488e-01,4.035327911376953125e+00
-3.127448260784149170e-01,5.647989749908447266e+00
2.122896760702133179e-01,-7.842487096786499023e-01
-1.219422101974487305e+00,2.717946469783782959e-01
-6.338203549385070801e-01,-4.808807373046875000e-01
2.040241003036499023e+00,3.715903997421264648e+00
1.653102189302444458e-01,8.434270858764648438e+00
-1.099341511726379395e+00,4.591611385345458984e+00
-1.005538845062255859e+01,4.668225765228271484e+00
3.104360401630401611e-01,5.672275066375732422e+00
8.837724477052688599e-02,5.746883392333984375e+00
-1.898512840270996094e+00,5.597020149230957031e+00
-2.818730771541595459e-01,9.858085632324218750e+00
1.909402757883071899e-02,4.219642162322998047e+00
8.057328462600708008e-01,2.593077659606933594e+00
-9.090455055236816406e+00,4.229691505432128906e+00
8.770741224288940430e-01,3.410637617111206055e+00
2.110496759414672852e+00,6.493525981903076172e+00
9.828788042068481445e-01,4.681167125701904297e+00
2.021967649459838867e+00,7.997987747192382812e+00
-8.465207099914550781e+00,7.605684280395507812e+00
8.632826805114746094e-01,1.059589767456054688e+01
-5.678951144218444824e-01,5.918158054351806641e+00
3.039234280586242676e-01,-2.747615277767181396e-01
7.702310681343078613e-01,-9.694410562515258789e-01
1.397460937500000000e+00,5.835814476013183594e+00
5.931460857391357422e-01,5.962893009185791016e+00
2.601388990879058838e-01,5.671792030334472656e+00
6.300529241561889648e-01,7.096483707427978516e+00
-9.405006408691406250e+00,5.029548168182373047e+00
1.960594654083251953e+00,1.013044834136962891e+01
-8.694292068481445312e+00,6.767476558685302734e+00
-4.152678847312927246e-01,1.065627384185791016e+01
-8.005956649780273438e+00,6.206135749816894531e+00
2.209265470504760742e+00,2.904868125915527344e+00
5.054851770401000977e-01,-8.310286998748779297e-01
-9.471461296081542969e+00,4.751754283905029297e+00
1.753077268600463867e+00,9.762167930603027344e+00
-2.103282660245895386e-01,4.864103794097900391e+00
1.677963733673095703e+00,4.189071178436279297e+00
-1.162914752960205078e+00,9.140796661376953125e+00
1.343557000160217285e+00,1.099596500396728516e+01
1.032676458358764648e+00,8.531497001647949219e+00
1.586063623428344727e+00,4.053471088409423828e+00
1.755714654922485352e+00,4.660953044891357422e+00
4.990742802619934082e-01,3.407851934432983398e+00
1.305086135864257812e+00,9.463207244873046875e+00
-8.343328237533569336e-01,5.246891498565673828e+00
4.800324141979217529e-01,8.956102371215820312e+00
-1.781979799270629883e-01,5.876442432403564453e+00
-1.441068649291992188e-01,-1.282596945762634277e+00
-9.040294647216796875e+00,6.493250846862792969e+00
1.322615385055541992e+00,5.361227512359619141e+00
-2.670375108718872070e-01,4.818539142608642578e+00
-2.531329989433288574e-01,2.651181936264038086e+00
-2.804467380046844482e-01,6.287997722625732422e+00
7.600606083869934082e-01,9.767827987670898438e+00
-9.379953384399414062e+00,5.841081619262695312e+00
8.819010853767395020e-01,3.991560935974121094e+00
-6.120263934135437012e-01,4.269417762756347656e+00
2.150117158889770508e+00,4.777748107910156250e+00
1.284517765045166016e+00,9.877583503723144531e+00
-8.816849708557128906e+00,4.856280803680419922e+00
1.567357182502746582e+00,9.583560943603515625e+00
-1.800337620079517365e-02,7.556301593780517578e+00
5.994180440902709961e-01,7.611005783081054688e+00
-3.164968192577362061e-01,3.122547388076782227e+00
-5.128572136163711548e-02,8.781014442443847656e+00
-2.257368803024291992e+00,4.848368167877197266e+00
1.077012419700622559e+00,3.701493978500366211e+00
1.170336842536926270e+00,9.991631507873535156e+00
-1.059412360191345215e+00,5.896419525146484375e+00
-2.475168555974960327e-01,8.991768836975097656e+00
8.788756728172302246e-01,5.859973430633544922e+00
-8.482577204704284668e-01,-1.123615622520446777e+00
-8.715880393981933594e+00,8.174718856811523438e+00
-5.078350305557250977e-01,9.094143867492675781e+00
9.640381932258605957e-01,5.661841392517089844e+00
1.251183629035949707e+00,4.547205448150634766e+00
6.365054249763488770e-01,9.790338516235351562e+00
-9.266792297363281250e+00,7.171028614044189453e+00
-8.920252919197082520e-01,5.196032524108886719e+00
1.108601689338684082e+00,1.078533554077148438e+01
-8.689873695373535156e+00,5.275139331817626953e+00
-7.810072898864746094e-01,3.431340456008911133e+00
1.136536836624145508e+00,5.806190967559814453e+00
-2.759685218334197998e-01,4.893305301666259766e+00
-9.444217085838317871e-01,9.638795852661132812e+00
4.524608254432678223e-01,5.202279090881347656e+00
4.714841246604919434e-01,4.414855957031250000e+00
1.260002702474594116e-01,4.204722404479980469e+00
-1.306756865233182907e-02,8.191972732543945312e+00
2.686443626880645752e-01,4.399300575256347656e+00
-8.936528205871582031e+00,4.308162212371826172e+00
-7.806471824645996094e+00,6.310871601104736328e+00
1.230164051055908203e+00,5.203329086303710938e+00
-1.242331117391586304e-01,4.753222465515136719e+00
-3.222177982330322266e+00,6.516238212585449219e+00
1.760769844055175781e+00,4.490485668182373047e+00
3.944743275642395020e-01,4.594754219055175781e+00
2.532147467136383057e-01,4.158581733703613281e+00
7.015495002269744873e-02,9.950136184692382812e+00
-1.264286786317825317e-01,9.269183158874511719e+00
-9.548860788345336914e-01,4.559031009674072266e+00
-6.901552081108093262e-01,3.989100456237792969e+00
1.157353639602661133e+00,1.103757762908935547e+01
-9.133940696716308594e+00,3.813049554824829102e+00
-1.035182714462280273e+00,3.892927646636962891e+00
2.091892957687377930e-01,1.291713416576385498e-01
4.715009927749633789e-01,8.236209869384765625e+00
-9.852314949035644531e+00,6.173080921173095703e+00
-1.006393194198608398e+00,9.184578895568847656e+00
3.040135800838470459e-01,-1.092130661010742188e+00
7.398136258125305176e-01,5.943285942077636719e+00
5.718289017677307129e-01,3.541201114654541016e+00
1.926945209503173828e+00,7.836680889129638672e+00
1.310352683067321777e+00,4.086887359619140625e+00
-2.560017704963684082e-01,3.663383722305297852e+00
-8.677315711975097656e+00,4.772742748260498047e+00
2.131965637207031250e+00,7.769299983978271484e+00
-9.747847914695739746e-01,4.751539707183837891e+00
1.387157201766967773e+00,2.908982276916503906e+00
5.219905376434326172e-01,7.149858951568603516e+00
-9.491496086120605469e+00,6.099125862121582031e+00
1.813128113746643066e+00,8.544005393981933594e+00
4.671591892838478088e-02,9.887775421142578125e+00
-1.180953860282897949e+00,4.340621471405029297e+00
-5.890572071075439453e-02,1.053358650207519531e+01
2.188632488250732422e+00,9.057848930358886719e+00
3.615778088569641113e-01,5.382193565368652344e+00
1.908438801765441895e+00,3.272677898406982422e+00
-8.487286567687988281e+00,8.217285156250000000e+00
-8.978886604309082031e+00,4.826747894287109375e+00
4.967193603515625000e-01,3.222116231918334961e+00
9.206520915031433105e-01,1.035053730010986328e+01
-6.304030418395996094e-01,1.078622436523437500e+01
1.297709465026855469e+00,8.519119262695312500e+00
1.702227890491485596e-01,3.439668178558349609e+00
-9.419971466064453125e+00,5.531616687774658203e+00
1.400652289390563965e+00,4.384421348571777344e+00
4.682271182537078857e-02,2.284026384353637695e+00
1.140732884407043457e+00,8.742536544799804688e+00
1.170930385589599609e+00,8.795245170593261719e+00
2.231136322021484375e+00,3.519458055496215820e+00
-1.977449893951416016e+00,6.508977413177490234e+00
-4.525818824768066406e-01,1.064533042907714844e+01
-1.016714096069335938e+00,6.107036590576171875e+00
2.319210052490234375e+00,8.697118759155273438e+00
-1.987597465515136719e+00,7.770270347595214844e+00
-1.531437754631042480e+00,8.450571060180664062e+00
4.458626508712768555e-01,-8.013946413993835449e-01
1.416601300239562988e+00,8.851771354675292969e+00
-1.706808567047119141e+00,4.699401855468750000e+00
-6.228645518422126770e-02,5.679382324218750000e+00
-8.108276724815368652e-01,6.674466609954833984e+00
4.265659153461456299e-01,7.409883975982666016e+00
1.108995556831359863e+00,9.967776298522949219e+00
-1.052397727966308594e+01,4.934370040893554688e+00
-5.144138336181640625e-01,5.925038337707519531e+00
-1.109923958778381348e+00,-8.358654379844665527e-01
8.309758901596069336e-01,7.468051433563232422e+00
2.770340442657470703e-01,2.622737407684326172e+00
8.846425414085388184e-01,4.641177654266357422e+00
8.136394023895263672e-01,4.654205799102783203e+00
-1.048111081123352051e+00,7.612873077392578125e+00
-7.587803006172180176e-01,7.170465469360351562e+00
-6.102005839347839355e-01,5.621525287628173828e+00
1.703549623489379883e+00,4.802692413330078125e+00
-8.670973777770996094e+00,6.502707481384277344e+00
-9.910089492797851562e+00,5.402602672576904297e+00
6.810765862464904785e-01,1.088812065124511719e+01
-8.833045959472656250e-01,-4.639816656708717346e-02
1.671469330787658691e+00,5.396471023559570312e+00
1.862490534782409668e+00,3.881117582321166992e+00
-8.032815933227539062e+00,6.913280010223388672e+00
-2.220565080642700195e+00,6.243125915527343750e+00
-2.714304439723491669e-02,3.028604507446289062e+00
9.540568590164184570e-01,9.417860984802246094e+00
2.699729800224304199e-01,7.210850715637207031e+00
4.489584863185882568e-01,9.314497947692871094e+00
-8.361802101135253906e-01,9.466783523559570312e+00
-8.745276451110839844e+00,6.859438896179199219e+00
9.605057239532470703e-01,9.880624771118164062e+00
1.785050034523010254e+00,9.574097633361816406e+00
1.906062602996826172e+00,4.734446525573730469e+00
-6.228451132774353027e-01,5.193830013275146484e+00
-1.868167638778686523e+00,4.083909988403320312e+00
-7.407903075218200684e-01,-8.362976908683776855e-01
1.674539923667907715e+00,3.708156108856201172e+00
-4.562747478485107422e-01,7.448643207550048828e+00
-1.166141867637634277e+00,4.511438846588134766e+00
-8.877167701721191406e+00,4.086985588073730469e+00
-8.395258903503417969e+00,5.129868984222412109e+00
9.784555435180664062e-01,1.088917636871337891e+01
-1.874984800815582275e-01,1.043057155609130859e+01
2.544398546218872070e+00,9.463126182556152344e+00
-8.991440773010253906e+00,7.423833847045898438e+00
-9.205812454223632812e+00,6.010329246520996094e+00
-1.485549092292785645e+00,3.299007892608642578e+00
-1.004301738739013672e+01,5.295432567596435547e+00
-3.752852439880371094e+00,6.406250000000000000e+00
4.583681225776672363e-01,8.552943229675292969e+00
-2.285825163125991821e-01,2.783045291900634766e+00
-9.252647399902343750e+00,5.806737899780273438e+00
4.062245190143585205e-01,3.799400091171264648e+00
4.749622642993927002e-01,2.262578725814819336e+00
4.355016946792602539e-01,3.960469484329223633e+00
7.282563447952270508e-01,4.680013656616210938e+00
2.360983610153198242e+00,8.855198860168457031e+00
-1.044135951995849609e+01,5.576189517974853516e+00
1.216720715165138245e-01,-5.703401565551757812e-01
1.791396856307983398e+00,6.119760036468505859e+00
-2.375016957521438599e-01,6.232206821441650391e+00
2.306966781616210938e-01,5.492071628570556641e+00
-7.444770932197570801e-01,-6.583558320999145508e-01
1.774399757385253906e+00,3.256180047988891602e+00
-1.280621409416198730e+00,-1.264412164688110352e+00
-1.810839295387268066e+00,6.703819274902343750e+00
-1.860613584518432617e+00,4.430229187011718750e+00
-2.316280268132686615e-02,7.458177566528320312e+00
-1.468149304389953613e+00,4.605033397674560547e+00
-2.571411728858947754e-01,5.835445880889892578e+00
1.701918721199035645e+00,9.044797897338867188e+00
1.433171629905700684e+00,3.999142169952392578e+00
2.168354839086532593e-01,5.145752429962158203e+00
6.581175327301025391e-01,7.010720729827880859e+00
1.256121873855590820e+00,7.187366485595703125e+00
3.771826028823852539e-01,9.739388465881347656e+00
-1.140323877334594727e+00,-1.459900856018066406e+00
-8.275564312934875488e-01,5.580418586730957031e+00
-5.684297084808349609e-01,6.921048641204833984e+00
1.348671793937683105e+00,9.411325454711914062e+00
1.392884969711303711e+00,7.115587234497070312e+00
5.588986873626708984e-01,8.559229850769042969e+00
-1.794345736503601074e+00,4.938058376312255859e+00
8.897061347961425781e-01,8.246546745300292969e+00
-8.746661186218261719e+00,8.065423965454101562e+00
8.734748512506484985e-02,9.460124015808105469e+00
-8.214086294174194336e-01,9.154959678649902344e+00
1.683070957660675049e-01,1.152737975120544434e+00
1.571644067764282227e+00,3.821986913681030273e+00
-1.090633273124694824e+00,4.153464794158935547e+00
1.179141640663146973e+00,9.494659423828125000e+00
5.097742676734924316e-01,-9.471362829208374023e-01
1.152044534683227539e-01,3.641409635543823242e+00
9.351889491081237793e-01,4.819151401519775391e+00
-1.148722842335700989e-01,9.071372032165527344e+00
-2.767240107059478760e-01,1.028840255737304688e+01
-5.276749730110168457e-01,4.704115390777587891e+00
9.934359788894653320e-02,3.524500846862792969e+00
-2.616136550903320312e+00,6.973404407501220703e+00
-2.213801741600036621e-01,9.943601608276367188e+00
-7.189881801605224609e-01,6.411038875579833984e+00
-9.956114739179611206e-02,3.523840904235839844e+00
8.503276705741882324e-01,4.066531181335449219e+00
-9.641944885253906250e+00,4.975012779235839844e+00
-1.198823690414428711e+00,-5.961046218872070312e-01
-2.127648591995239258e+00,4.825240135192871094e+00
6.729280948638916016e-01,6.620011806488037109e+00
-3.077650666236877441e-01,2.579308271408081055e+00
1.314243912696838379e+00,2.747781753540039062e+00
1.481882095336914062e+00,9.091615676879882812e+00
1.413153886795043945e+00,1.093230628967285156e+01
1.397446393966674805e+00,1.015125560760498047e+01
2.676598548889160156e+00,1.020815181732177734e+01
1.157570123672485352e+00,7.961317539215087891e+00
1.055497407913208008e+00,7.874540805816650391e+00
-2.929996252059936523e+00,6.662867546081542969e+00
-3.961353003978729248e-01,3.189564228057861328e+00
-8.722970962524414062e+00,5.569305896759033203e+00
-1.368751287460327148e+00,-7.709828615188598633e-01
9.315624237060546875e-01,3.088182687759399414e+00
-8.575717806816101074e-01,-8.457490801811218262e-01
8.763842582702636719e-01,9.317337036132812500e+00
-8.753216743469238281e+00,4.325778484344482422e+00
-1.128306031227111816e+00,1.000783824920654297e+01
-6.151329874992370605e-01,6.755771636962890625e+00
2.285366535186767578e+00,3.623633384704589844e+00
1.126180529594421387e+00,9.681682586669921875e+00
1.635833531618118286e-01,8.989372253417968750e+00
2.279779314994812012e-02,7.572255611419677734e+00
-9.131679534912109375e+00,7.141626358032226562e+00
-1.549926757812500000e+00,5.655620574951171875e+00
-1.681205987930297852e+00,4.434915065765380859e+00
2.191713333129882812e+00,1.019082164764404297e+01
1.355107188224792480e+00,7.866831779479980469e+00
2.460174560546875000e+00,1.047893333435058594e+01
-9.012022018432617188e+00,5.444175720214843750e+00
-3.034520149230957031e-01,4.067028999328613281e+00
-9.246261596679687500e+00,4.152053833007812500e+00
1.034818291664123535e+00,5.352484703063964844e+00
1.515871882438659668e+00,4.771391391754150391e+00
2.575199365615844727e+00,1.038518047332763672e+01
1.575933694839477539e-01,1.018902969360351562e+01
-9.130348205566406250e+00,7.346570968627929688e+00
1.680341511964797974e-01,4.603708267211914062e+00
-2.320112884044647217e-01,-9.809482693672180176e-01
-2.960776090621948242e-01,3.480349302291870117e+00
6.721926927566528320e-01,5.373368740081787109e+00
6.446811556816101074e-01,4.196449756622314453e+00
-1.385255098342895508e+00,-1.237320780754089355e+00
1.459690093994140625e+00,6.507289886474609375e+00
-9.050086736679077148e-01,3.888674020767211914e+00
-5.604800581932067871e-01,4.064410209655761719e+00
-8.171229958534240723e-01,4.341983318328857422e+00
5.210644006729125977e-01,9.477753639221191406e+00
-4.392363131046295166e-01,3.431260347366333008e+00
-7.258560657501220703e-01,6.601937294006347656e+00
9.795841574668884277e-01,2.810300588607788086e+00
1.066050052642822266e+00,8.305887222290039062e+00
7.704970836639404297e-01,5.582781314849853516e+00
9.806089401245117188e-01,4.195159435272216797e+00
4.573577046394348145e-01,9.934380531311035156e+00
1.187991380691528320e+00,7.703390121459960938e+00
-4.474207460880279541e-01,1.004371261596679688e+01
6.843841671943664551e-01,8.421129226684570312e+00
8.360206484794616699e-01,9.050168991088867188e+00
-8.470400810241699219e+00,8.128393173217773438e+00
2.294958353042602539e+00,4.375039100646972656e+00
5.755386352539062500e-01,-4.573227167129516602e-01
-8.219940185546875000e+00,5.703950405120849609e+00
1.376653075218200684e+00,6.390753269195556641e+00
-2.852619886398315430e+00,6.375907421112060547e+00
-4.906916320323944092e-01,6.279703140258789062e+00
7.308648228645324707e-01,8.680487632751464844e+00
1.101986050605773926e+00,9.387222290039062500e+00
8.959360122680664062e-01,9.944784164428710938e+00
1.549623250961303711e+00,1.060933494567871094e+01
-9.312589645385742188e+00,4.855039119720458984e+00
7.965894937515258789e-01,9.099022865295410156e+00
-2.120907902717590332e-01,7.638702869415283203e+00
-4.345365613698959351e-02,9.617972373962402344e+00
1.326455116271972656e+00,4.838977336883544922e+00
-9.502191543579101562e+00,4.693310260772705078e+00
2.272994995117187500e+00,8.515147209167480469e+00
-9.398418068885803223e-01,4.289918422698974609e+00
7.530360221862792969e-01,1.052492809295654297e+01
-4.642725884914398193e-01,8.051949501037597656e+00
-1.102229952812194824e+00,1.816826611757278442e-01
4.240848422050476074e-01,4.940931320190429688e+00
1.543819189071655273e+00,5.401634693145751953e+00
-2.698227167129516602e-01,5.498133182525634766e+00
1.746143817901611328e+00,4.085132598876953125e+00
5.317383408546447754e-01,9.751982688903808594e+00
-8.317031860351562500e+00,7.380028247833251953e+00
-1.024027347564697266e+01,4.857014656066894531e+00
1.621078968048095703e+00,8.381595611572265625e+00
-9.997097015380859375e+00,5.501895904541015625e+00
-6.463226079940795898e-01,3.470923185348510742e+00
-4.763358533382415771e-01,4.211085319519042969e+00
-8.620780706405639648e-01,5.305441379547119141e+00
-8.421353101730346680e-01,5.385373592376708984e+00
-2.341649055480957031e+00,6.873805046081542969e+00
4.844169020652770996e-01,8.484598159790039062e+00
2.741957306861877441e-01,9.247698783874511719e+00
-2.566545307636260986e-01,1.063933277130126953e+01
-1.232388734817504883e+00,6.024021625518798828e+00
1.215393185615539551e+00,5.984756946563720703e+00
1.832449197769165039e+00,9.591693878173828125e+00
-9.194046020507812500e+00,4.688920497894287109e+00
6.120578050613403320e-01,4.656174182891845703e+00
-1.635533869266510010e-01,8.682618141174316406e+00
-1.009698486328125000e+01,5.390049934387207031e+00
-9.421810507774353027e-02,6.147556304931640625e+00
8.209720849990844727e-01,3.659955739974975586e+00
1.279250979423522949e-01,2.903996944427490234e+00
1.173134148120880127e-01,4.687170505523681641e+00
9.205485582351684570e-01,5.925805091857910156e+00
-9.262597084045410156e+00,6.348927021026611328e+00
2.011215090751647949e-01,5.703531742095947266e+00
3.721570968627929688e-01,5.250181198120117188e+00
4.108849167823791504e-01,5.972678661346435547e+00
4.063345491886138916e-02,6.820723533630371094e+00
1.281210541725158691e+00,2.979355573654174805e+00
-8.138887405395507812e+00,6.686685562133789062e+00
-8.801095962524414062e+00,7.618987083435058594e+00
-1.597883582115173340e+00,5.337506771087646484e+00
-3.305270075798034668e-01,-1.105504393577575684e+00
1.261003255844116211e+00,3.922081947326660156e+00
1.765195965766906738e+00,4.210302352905273438e+00
-2.470022916793823242e+00,6.305700302124023438e+00
-3.982987627387046814e-02,2.699788331985473633e+00
2.288087606430053711e+00,3.964111804962158203e+00
-2.056097984313964844e+00,5.775068759918212891e+00
7.763037085533142090e-01,3.692289113998413086e+00
2.337812900543212891e+00,1.007834148406982422e+01
2.635340690612792969e+00,9.341640472412109375e+00
4.209691882133483887e-01,3.143400192260742188e+00
1.733781576156616211e+00,4.377394199371337891e+00
-3.634263277053833008e+00,6.452188968658447266e+00
7.022320628166198730e-01,8.942887306213378906e+00
2.423272609710693359e+00,9.339622497558593750e+00
-2.126657962799072266e-01,2.956696271896362305e+00
-1.597076416015625000e+00,3.805578231811523438e+00
1.912630081176757812e+00,1.033897781372070312e+01
-1.248894095420837402e+00,3.579993009567260742e+00
-6.325386166572570801e-01,9.523751258850097656e+00
-1.609753370285034180e+00,6.301773071289062500e+00
7.015159130096435547e-01,7.340631484985351562e+00
1.970225572586059570e+00,9.412194252014160156e+00
1.201072335243225098e-01,5.133184909820556641e+00
1.146384835243225098e+00,9.282623291015625000e+00
4.040895402431488037e-01,5.530735969543457031e+00
-5.809365306049585342e-03,3.740152120590209961e+00
2.010400146245956421e-01,1.072865581512451172e+01
-3.286274075508117676e-01,9.554585456848144531e+00
-5.444985032081604004e-01,-6.118731498718261719e-01
-1.031509017944335938e+01,5.840412616729736328e+00
2.552628040313720703e+00,8.643671035766601562e+00
1.313174128532409668e+00,3.204721927642822266e+00
-4.428724646568298340e-01,-8.123070597648620605e-01
-1.534098833799362183e-01,1.053178215026855469e+01
7.823051214218139648e-01,9.668188095092773438e+00
1.636315822601318359e+00,1.041826057434082031e+01
-8.955612182617187500e+00,5.556780815124511719e+00
5.617582201957702637e-01,4.945213317871093750e+00
1.650203585624694824e+00,6.310485839843750000e+00
-1.017085361480712891e+01,5.953987598419189453e+00
1.773201942443847656e+00,1.064901828765869141e+01
1.801032900810241699e+00,5.318583965301513672e+00
8.039382696151733398e-01,5.087583065032958984e+00
-7.586683630943298340e-01,1.038574123382568359e+01
2.585807085037231445e+00,9.951788902282714844e+00
3.030162453651428223e-01,9.817728996276855469e+00
-3.532365560531616211e-01,3.784404277801513672e+00
-4.466578364372253418e-01,6.425130367279052734e+00
1.934661388397216797e+00,9.674956321716308594e+00
7.055214047431945801e-02,4.487226963043212891e+00
-1.491265594959259033e-01,-1.581565141677856445e+00
-1.024441528320312500e+01,5.018144130706787109e+00
-1.460227370262145996e-01,8.892259597778320312e+00
-9.203023910522460938e+00,4.225230693817138672e+00
-1.070896267890930176e+00,4.417789936065673828e+00
2.098633050918579102e+00,2.856231212615966797e+00
1.285701990127563477e+00,3.556815385818481445e+00
7.790805697441101074e-01,8.766562461853027344e+00
2.273991346359252930e+00,3.633758068084716797e+00
5.300979688763618469e-02,3.309064626693725586e+00
7.071757912635803223e-01,8.578638076782226562e+00
-9.355010032653808594e+00,6.731727600097656250e+00
-1.539087653160095215e+00,-1.598948121070861816e+00
6.503946781158447266e-01,-5.621243715286254883e-01
1.187624484300613403e-01,8.498772621154785156e+00
-2.023821353912353516e+00,5.078956604003906250e+00
2.409083604812622070e+00,9.687626838684082031e+00
-1.092045664787292480e+00,3.234559059143066406e+00
-1.421111702919006348e+00,5.022298812866210938e+00
-8.565715789794921875e+00,4.619150638580322266e+00
3.666939437389373779e-01,5.453794956207275391e+00
1.114734649658203125e+00,7.553180694580078125e+00
-8.283660411834716797e-01,-1.528144955635070801e+00
-1.020331144332885742e+00,5.619908809661865234e+00
7.371850013732910156e-01,3.846982717514038086e+00
1.428642392158508301e+00,9.314515113830566406e+00
7.843742370605468750e-01,5.240493297576904297e+00
1.351726531982421875e+00,6.138663291931152344e+00
2.556459605693817139e-01,-1.332703828811645508e+00
-2.579697780311107635e-02,-1.089551448822021484e+00
-2.026173025369644165e-01,-8.867848515510559082e-01
1.079424992203712463e-01,3.889326333999633789e+00
4.698345437645912170e-02,6.336831569671630859e+00
2.043536663055419922e+00,9.144561767578125000e+00
-1.057234668731689453e+01,4.906327724456787109e+00
-3.908897042274475098e-01,5.538250923156738281e+00
-4.330337345600128174e-01,5.206135749816894531e+00
-9.852007865905761719e+00,4.954484462738037109e+00
-9.683837890625000000e+00,4.455912590026855469e+00
9.880604594945907593e-02,8.000925064086914062e+00
-1.010004281997680664e+00,1.041215705871582031e+01
2.361174583435058594e+00,8.323534965515136719e+00
-1.691064983606338501e-01,-1.371664881706237793e+00
-9.204577445983886719e+00,5.961168289184570312e+00
-7.497133255004882812e+00,6.186278820037841797e+00
1.495151996612548828e+00,6.859767436981201172e+00
1.572771787643432617e+00,6.864496707916259766e+00
-5.468361973762512207e-01,-1.458213210105895996e+00
8.886433243751525879e-01,7.157387256622314453e+00
-1.540290713310241699e-01,6.668587684631347656e+00
-7.741297245025634766e+00,6.570235729217529297e+00
6.187554597854614258e-01,4.691749572753906250e+00
7.648675888776779175e-02,-5.909215807914733887e-01
-7.306936383247375488e-01,8.740738868713378906e+00
-1.984387636184692383e+00,4.785301208496093750e+00
-8.481152534484863281e+00,5.102371692657470703e+00
7.113656401634216309e-01,6.357928276062011719e+00
-9.800918579101562500e+00,5.958908557891845703e+00
-7.299476265907287598e-01,4.362926959991455078e+00
-1.050105094909667969e+01,4.886795043945312500e+00
-1.147853061556816101e-01,4.738010883331298828e+00
-1.682567954063415527e+00,4.195986747741699219e+00
-8.604094618931412697e-04,4.273503303527832031e+00
-1.151547789573669434e+00,5.339639186859130859e+00
-8.118863105773925781e+00,6.176381111145019531e+00
-1.419565439224243164e+00,-1.371799707412719727e+00
-1.448166966438293457e+00,3.885170936584472656e+00
5.506297945976257324e-01,3.034460783004760742e+00
-1.202435493469238281e+00,4.784791946411132812e+00
-2.335746437311172485e-01,4.844855785369873047e+00
-7.891060352325439453e+00,6.203789234161376953e+00
1.076470851898193359e+00,3.365214824676513672e+00
-6.366641521453857422e-01,2.873584032058715820e+00
5.067658424377441406e-01,7.930808544158935547e+00
2.361321210861206055e+00,3.541678667068481445e+00
1.999064326286315918e+00,8.168094635009765625e+00
7.079503536224365234e-01,6.177843093872070312e+00
7.337943315505981445e-01,1.051354122161865234e+01
9.290716648101806641e-01,-4.991412758827209473e-01
-5.212541818618774414e-01,-1.560133337974548340e+00
-2.581483840942382812e+00,6.068475723266601562e+00
-9.273083806037902832e-01,3.352092981338500977e+00
-9.997688293457031250e+00,5.822687625885009766e+00
-8.255001068115234375e+00,6.155860900878906250e+00
5.087663531303405762e-01,2.765791416168212891e+00
-6.540129780769348145e-01,-4.508292973041534424e-01
-5.683354735374450684e-01,-8.462690114974975586e-01
-1.146219968795776367e+00,3.171968698501586914e+00
5.400618910789489746e-01,1.007971286773681641e+01
8.872684240341186523e-01,8.152186393737792969e+00
1.599353671073913574e+00,8.618916511535644531e+00
7.105247378349304199e-01,9.158930778503417969e+00
-1.011296391487121582e+00,-6.016457080841064453e-01
3.710598051548004150e-01,9.244059562683105469e+00
-9.413307189941406250e+00,5.559687137603759766e+00
-3.959715962409973145e-01,7.868762016296386719e+00
1.238239288330078125e+00,6.278425216674804688e+00
-8.972033113241195679e-02,8.902856826782226562e+00
-1.003732967376708984e+01,5.224756717681884766e+00
-1.010959053039550781e+01,5.478223800659179688e+00
-1.443618893623352051e+00,5.267157554626464844e+00
-1.834169268608093262e+00,3.852436780929565430e+00
-6.031249165534973145e-01,8.438998222351074219e+00
-1.153098344802856445e+00,-1.005650877952575684e+00
-9.921336174011230469e+00,4.680977344512939453e+00
-8.975877761840820312e-01,-1.799440085887908936e-01
2.146897315979003906e+00,1.016254520416259766e+01
2.379452437162399292e-01,1.075549602508544922e+01
