1.450158977508544922e+01,-7.350270271301269531e+00,0.000000000000000000e+00
1.400307846069335938e+01,8.655213356018066406e+00,0.000000000000000000e+00
1.540411853790283203e+01,-7.347225666046142578e+00,0.000000000000000000e+00
1.383599090576171875e+01,7.846136569976806641e+00,0.000000000000000000e+00
1.499725055694580078e+01,5.695590496063232422e+00,0.000000000000000000e+00
1.409762859344482422e+01,3.194782257080078125e+00,0.000000000000000000e+00
1.531590843200683594e+01,-6.053922653198242188e+00,0.000000000000000000e+00
1.546764564514160156e+01,6.317398071289062500e+00,0.000000000000000000e+00
1.549120807647705078e+01,4.526954174041748047e+00,0.000000000000000000e+00
1.434266567230224609e+01,4.439258098602294922e+00,0.000000000000000000e+00
1.598265933990478516e+01,4.391914367675781250e+00,0.000000000000000000e+00
1.529150104522705078e+01,9.247811317443847656e+00,0.000000000000000000e+00
1.497103214263916016e+01,4.100802898406982422e+00,0.000000000000000000e+00
1.436557960510253906e+01,8.931180953979492188e+00,0.000000000000000000e+00
1.501742935180664062e+01,-5.950150489807128906e+00,0.000000000000000000e+00
1.440141010284423828e+01,7.623075008392333984e+00,0.000000000000000000e+00
1.391179180145263672e+01,4.904159545898437500e+00,0.000000000000000000e+00
1.476888370513916016e+01,6.138179779052734375e+00,0.000000000000000000e+00
1.402317810058593750e+01,7.351292133331298828e+00,0.000000000000000000e+00
1.567446422576904297e+01,5.847742557525634766e+00,0.000000000000000000e+00
1.571367549896240234e+01,5.308869838714599609e+00,0.000000000000000000e+00
1.552516269683837891e+01,-7.343169212341308594e+00,0.000000000000000000e+00
1.548871135711669922e+01,-7.417896747589111328e+00,0.000000000000000000e+00
1.547914791107177734e+01,4.334715366363525391e+00,0.000000000000000000e+00
1.305048084259033203e+01,3.680873394012451172e+00,0.000000000000000000e+00
1.475261878967285156e+01,6.135280132293701172e+00,0.000000000000000000e+00
1.368962574005126953e+01,8.056298255920410156e+00,0.000000000000000000e+00
1.447206211090087891e+01,4.570422172546386719e+00,0.000000000000000000e+00
-1.866796612739562988e+00,1.307346439361572266e+01,0.000000000000000000e+00
1.551001834869384766e+01,-7.367513656616210938e+00,0.000000000000000000e+00
1.434282302856445312e+01,5.505095005035400391e+00,0.000000000000000000e+00
1.556239700317382812e+01,-6.540464401245117188e+00,0.000000000000000000e+00
1.106389808654785156e+01,1.788787245750427246e+00,0.000000000000000000e+00
1.563508319854736328e+01,6.240192890167236328e+00,0.000000000000000000e+00
1.134678268432617188e+01,4.086704254150390625e+00,0.000000000000000000e+00
1.459387493133544922e+01,5.293423652648925781e+00,0.000000000000000000e+00
1.504922389984130859e+01,5.276582717895507812e+00,0.000000000000000000e+00
1.422060775756835938e+01,8.988189697265625000e+00,0.000000000000000000e+00
1.529630947113037109e+01,5.195916652679443359e+00,0.000000000000000000e+00
1.332527732849121094e+01,3.823850154876708984e+00,0.000000000000000000e+00
4.083123683929443359e+00,-1.006006717681884766e+01,0.000000000000000000e+00
1.518658351898193359e+01,7.197946548461914062e+00,0.000000000000000000e+00
1.510358428955078125e+01,4.420734405517578125e+00,0.000000000000000000e+00
1.576251316070556641e+01,5.836063385009765625e+00,0.000000000000000000e+00
1.373968315124511719e+01,7.379531860351562500e+00,0.000000000000000000e+00
1.443932437896728516e+01,8.207100868225097656e+00,0.000000000000000000e+00
1.585838127136230469e+01,4.975942134857177734e+00,0.000000000000000000e+00
1.392438697814941406e+01,4.661112308502197266e+00,0.000000000000000000e+00
1.517575836181640625e+01,-6.371935367584228516e+00,0.000000000000000000e+00
1.596999454498291016e+01,5.650454521179199219e+00,0.000000000000000000e+00
1.479664134979248047e+01,8.348720550537109375e+00,0.000000000000000000e+00
1.466471481323242188e+01,8.225429534912109375e+00,0.000000000000000000e+00
1.594474411010742188e+01,4.704978942871093750e+00,0.000000000000000000e+00
1.313319015502929688e+01,4.018423080444335938e+00,0.000000000000000000e+00
1.568558692932128906e+01,5.254462242126464844e+00,0.000000000000000000e+00
1.152420043945312500e+01,4.216436386108398438e+00,0.000000000000000000e+00
1.511637210845947266e+01,2.974125862121582031e+00,0.000000000000000000e+00
1.495856380462646484e+01,8.433073997497558594e+00,0.000000000000000000e+00
1.525882720947265625e+01,-6.241144657135009766e+00,0.000000000000000000e+00
1.376891231536865234e+01,5.931378841400146484e+00,0.000000000000000000e+00
1.631001091003417969e+01,5.212562084197998047e+00,0.000000000000000000e+00
1.350448322296142578e+01,-3.383331775665283203e+00,0.000000000000000000e+00
1.452947521209716797e+01,6.984442234039306641e+00,0.000000000000000000e+00
1.517441654205322266e+01,-6.529721260070800781e+00,0.000000000000000000e+00
1.523244571685791016e+01,5.138833522796630859e+00,0.000000000000000000e+00
1.512310123443603516e+01,4.527362823486328125e+00,0.000000000000000000e+00
1.554331588745117188e+01,6.245687484741210938e+00,0.000000000000000000e+00
1.431869697570800781e+01,7.993427753448486328e+00,0.000000000000000000e+00
1.472252750396728516e+01,4.886509895324707031e+00,0.000000000000000000e+00
1.482298088073730469e+01,-6.207211494445800781e+00,0.000000000000000000e+00
1.326083278656005859e+01,4.606783390045166016e+00,0.000000000000000000e+00
1.433047676086425781e+01,9.328809738159179688e+00,0.000000000000000000e+00
1.584954643249511719e+01,5.628397464752197266e+00,0.000000000000000000e+00
1.340534210205078125e+01,4.099924564361572266e+00,0.000000000000000000e+00
1.560517406463623047e+01,6.137582778930664062e+00,0.000000000000000000e+00
1.509999179840087891e+01,3.701173067092895508e+00,0.000000000000000000e+00
1.296517848968505859e+01,3.460955142974853516e+00,0.000000000000000000e+00
1.142723178863525391e+01,4.090435028076171875e+00,0.000000000000000000e+00
1.561709594726562500e+01,4.489859580993652344e+00,0.000000000000000000e+00
1.488194751739501953e+01,7.501845359802246094e+00,0.000000000000000000e+00
1.595590305328369141e+01,5.397511959075927734e+00,0.000000000000000000e+00
1.451417541503906250e+01,5.670559883117675781e+00,0.000000000000000000e+00
1.395936012268066406e+01,5.644526481628417969e+00,0.000000000000000000e+00
1.401314926147460938e+01,5.364513397216796875e+00,0.000000000000000000e+00
1.507309532165527344e+01,-6.359316349029541016e+00,0.000000000000000000e+00
1.504952716827392578e+01,3.712256669998168945e+00,0.000000000000000000e+00
1.498705768585205078e+01,-6.079337596893310547e+00,0.000000000000000000e+00
1.382731246948242188e+01,6.258613586425781250e+00,0.000000000000000000e+00
1.622357940673828125e+01,5.740536212921142578e+00,0.000000000000000000e+00
1.492420005798339844e+01,8.166376113891601562e+00,0.000000000000000000e+00
1.492257881164550781e+01,4.381116867065429688e+00,0.000000000000000000e+00
1.581647205352783203e+01,5.960801601409912109e+00,0.000000000000000000e+00
1.333917522430419922e+01,4.611687183380126953e+00,0.000000000000000000e+00
1.310386466979980469e+01,3.676691293716430664e+00,0.000000000000000000e+00
1.546991348266601562e+01,-6.507854461669921875e+00,0.000000000000000000e+00
1.278266143798828125e+01,3.272764921188354492e+00,0.000000000000000000e+00
-1.955529332160949707e+00,1.316272735595703125e+01,0.000000000000000000e+00
1.396058368682861328e+01,5.020237445831298828e+00,0.000000000000000000e+00
1.221008110046386719e+01,1.020969295501708984e+01,0.000000000000000000e+00
1.545981311798095703e+01,5.252242565155029297e+00,0.000000000000000000e+00
1.380414485931396484e+01,9.284746170043945312e+00,0.000000000000000000e+00
1.269616985321044922e+01,3.377231836318969727e+00,0.000000000000000000e+00
1.488235473632812500e+01,4.874657630920410156e+00,0.000000000000000000e+00
1.486805438995361328e+01,6.381924629211425781e+00,0.000000000000000000e+00
1.133893394470214844e+01,4.034483432769775391e+00,0.000000000000000000e+00
1.581833171844482422e+01,4.448213577270507812e+00,0.000000000000000000e+00
1.413688659667968750e+01,4.987660408020019531e+00,0.000000000000000000e+00
1.315010833740234375e+01,3.823920249938964844e+00,0.000000000000000000e+00
1.513790035247802734e+01,9.795474052429199219e+00,0.000000000000000000e+00
1.409689235687255859e+01,4.084547996520996094e+00,0.000000000000000000e+00
1.493269157409667969e+01,2.529558658599853516e+00,0.000000000000000000e+00
1.442754840850830078e+01,5.754500865936279297e+00,0.000000000000000000e+00
1.511438179016113281e+01,5.214102745056152344e+00,0.000000000000000000e+00
1.391122913360595703e+01,5.369688034057617188e+00,0.000000000000000000e+00
1.491752529144287109e+01,8.093473434448242188e+00,0.000000000000000000e+00
1.579120635986328125e+01,6.124245166778564453e+00,0.000000000000000000e+00
1.353328800201416016e+01,4.351065158843994141e+00,0.000000000000000000e+00
1.272293758392333984e+01,1.035717773437500000e+01,0.000000000000000000e+00
1.375824451446533203e+01,5.448396205902099609e+00,0.000000000000000000e+00
1.139401721954345703e+01,4.008426666259765625e+00,0.000000000000000000e+00
1.417665100097656250e+01,6.879528522491455078e+00,0.000000000000000000e+00
1.546438503265380859e+01,-6.284183025360107422e+00,0.000000000000000000e+00
1.398970222473144531e+01,9.358474731445312500e+00,0.000000000000000000e+00
1.528804683685302734e+01,4.989754199981689453e+00,0.000000000000000000e+00
1.534676647186279297e+01,6.400558948516845703e+00,0.000000000000000000e+00
1.436767768859863281e+01,6.284077644348144531e+00,0.000000000000000000e+00
1.612013626098632812e+01,4.588118553161621094e+00,0.000000000000000000e+00
1.591099548339843750e+01,5.371387958526611328e+00,0.000000000000000000e+00
1.400390243530273438e+01,7.704058170318603516e+00,0.000000000000000000e+00
1.459978199005126953e+01,5.248911857604980469e+00,0.000000000000000000e+00
1.474451637268066406e+01,8.191670417785644531e+00,0.000000000000000000e+00
1.467385196685791016e+01,5.008290767669677734e+00,0.000000000000000000e+00
1.368338966369628906e+01,9.435521125793457031e+00,0.000000000000000000e+00
1.521201610565185547e+01,4.701074600219726562e+00,0.000000000000000000e+00
1.455827808380126953e+01,7.013668060302734375e+00,0.000000000000000000e+00
1.371239757537841797e+01,6.230254173278808594e+00,0.000000000000000000e+00
1.155836772918701172e+01,4.216678619384765625e+00,0.000000000000000000e+00
1.599998760223388672e+01,5.267018795013427734e+00,0.000000000000000000e+00
1.402420139312744141e+01,7.919801235198974609e+00,0.000000000000000000e+00
1.596658897399902344e+01,5.863811016082763672e+00,0.000000000000000000e+00
1.367165756225585938e+01,8.152960777282714844e+00,0.000000000000000000e+00
1.498993110656738281e+01,3.773722171783447266e+00,0.000000000000000000e+00
1.268633556365966797e+01,8.564794540405273438e+00,0.000000000000000000e+00
1.283830547332763672e+01,3.416701793670654297e+00,0.000000000000000000e+00
1.547119998931884766e+01,4.459583759307861328e+00,0.000000000000000000e+00
1.141634750366210938e+01,4.073071956634521484e+00,0.000000000000000000e+00
1.383370590209960938e+01,5.375470161437988281e+00,0.000000000000000000e+00
1.309652805328369141e+01,3.664399385452270508e+00,0.000000000000000000e+00
1.492060184478759766e+01,3.767387390136718750e+00,0.000000000000000000e+00
1.491360950469970703e+01,5.726603984832763672e+00,0.000000000000000000e+00
1.526976585388183594e+01,4.417393207550048828e+00,0.000000000000000000e+00
1.151626014709472656e+01,4.170675277709960938e+00,0.000000000000000000e+00
1.572481918334960938e+01,4.488077640533447266e+00,0.000000000000000000e+00
1.296991539001464844e+01,3.859834194183349609e+00,0.000000000000000000e+00
1.472340393066406250e+01,4.227998733520507812e+00,0.000000000000000000e+00
1.538466262817382812e+01,5.768910884857177734e+00,0.000000000000000000e+00
1.164279365539550781e+01,4.338415622711181641e+00,0.000000000000000000e+00
1.455002021789550781e+01,5.749836444854736328e+00,0.000000000000000000e+00
1.549228096008300781e+01,9.298756599426269531e+00,0.000000000000000000e+00
1.581696510314941406e+01,4.405215263366699219e+00,0.000000000000000000e+00
1.596805763244628906e+01,5.736511230468750000e+00,0.000000000000000000e+00
1.361233520507812500e+01,1.092015743255615234e+01,0.000000000000000000e+00
1.361547946929931641e+01,9.083867073059082031e+00,0.000000000000000000e+00
1.563731479644775391e+01,6.048559188842773438e+00,0.000000000000000000e+00
1.320972919464111328e+01,3.773689746856689453e+00,0.000000000000000000e+00
1.446493148803710938e+01,-6.496510505676269531e+00,0.000000000000000000e+00
1.333402538299560547e+01,4.152695655822753906e+00,0.000000000000000000e+00
1.365145015716552734e+01,7.862884044647216797e+00,0.000000000000000000e+00
1.275196266174316406e+01,9.532187461853027344e+00,0.000000000000000000e+00
1.473772716522216797e+01,4.226083278656005859e+00,0.000000000000000000e+00
1.545718479156494141e+01,4.693083286285400391e+00,0.000000000000000000e+00
1.289914226531982422e+01,4.237475395202636719e+00,0.000000000000000000e+00
1.292189407348632812e+01,3.293419837951660156e+00,0.000000000000000000e+00
1.401891613006591797e+01,7.692309379577636719e+00,0.000000000000000000e+00
1.513011932373046875e+01,5.010189533233642578e+00,0.000000000000000000e+00
1.373797988891601562e+01,8.380335807800292969e+00,0.000000000000000000e+00
1.537812614440917969e+01,-6.775259971618652344e+00,0.000000000000000000e+00
1.399475669860839844e+01,8.306251525878906250e+00,0.000000000000000000e+00
1.325307655334472656e+01,3.882526874542236328e+00,0.000000000000000000e+00
1.435672187805175781e+01,5.760096549987792969e+00,0.000000000000000000e+00
1.512026786804199219e+01,-6.178767681121826172e+00,0.000000000000000000e+00
1.424271869659423828e+01,8.193730354309082031e+00,0.000000000000000000e+00
1.497840690612792969e+01,3.682339668273925781e+00,0.000000000000000000e+00
1.502270126342773438e+01,4.745908737182617188e+00,0.000000000000000000e+00
1.485470390319824219e+01,8.379559516906738281e+00,0.000000000000000000e+00
1.378516101837158203e+01,8.337854385375976562e+00,0.000000000000000000e+00
1.290953445434570312e+01,3.475356578826904297e+00,0.000000000000000000e+00
1.401703071594238281e+01,7.032413482666015625e+00,0.000000000000000000e+00
1.141249179840087891e+01,4.116480827331542969e+00,0.000000000000000000e+00
1.138196468353271484e+01,4.075585842132568359e+00,0.000000000000000000e+00
1.437058734893798828e+01,4.529256343841552734e+00,0.000000000000000000e+00
1.515073776245117188e+01,5.220309257507324219e+00,0.000000000000000000e+00
1.586226272583007812e+01,5.258894920349121094e+00,0.000000000000000000e+00
1.494882774353027344e+01,6.258217334747314453e+00,0.000000000000000000e+00
1.448680877685546875e+01,5.990494251251220703e+00,0.000000000000000000e+00
1.420638084411621094e+01,8.725825309753417969e+00,0.000000000000000000e+00
1.540898323059082031e+01,-7.368845939636230469e+00,0.000000000000000000e+00
1.390211105346679688e+01,1.144604396820068359e+01,0.000000000000000000e+00
1.141223049163818359e+01,4.092875480651855469e+00,0.000000000000000000e+00
1.472067260742187500e+01,6.176428794860839844e+00,0.000000000000000000e+00
1.384046363830566406e+01,4.510199546813964844e+00,0.000000000000000000e+00
1.543644618988037109e+01,9.132343292236328125e+00,0.000000000000000000e+00
1.431775951385498047e+01,5.936160087585449219e+00,0.000000000000000000e+00
1.387080574035644531e+01,5.405455112457275391e+00,0.000000000000000000e+00
1.417139148712158203e+01,3.763437747955322266e+00,0.000000000000000000e+00
1.380930042266845703e+01,7.612582683563232422e+00,0.000000000000000000e+00
1.485437011718750000e+01,3.673551321029663086e+00,0.000000000000000000e+00
1.303130149841308594e+01,3.596613883972167969e+00,0.000000000000000000e+00
1.138445949554443359e+01,4.099753856658935547e+00,0.000000000000000000e+00
1.526627063751220703e+01,4.752504825592041016e+00,0.000000000000000000e+00
1.465693950653076172e+01,-6.531219005584716797e+00,0.000000000000000000e+00
1.154492473602294922e+01,4.211389064788818359e+00,0.000000000000000000e+00
1.498224353790283203e+01,-6.113645076751708984e+00,0.000000000000000000e+00
1.585369110107421875e+01,4.500769615173339844e+00,0.000000000000000000e+00
1.482918071746826172e+01,8.243483543395996094e+00,0.000000000000000000e+00
1.463217067718505859e+01,6.086467742919921875e+00,0.000000000000000000e+00
1.444536113739013672e+01,5.859349727630615234e+00,0.000000000000000000e+00
1.436997413635253906e+01,8.836694717407226562e+00,0.000000000000000000e+00
1.520544433593750000e+01,-6.909035205841064453e+00,0.000000000000000000e+00
1.468661403656005859e+01,-6.537729263305664062e+00,0.000000000000000000e+00
1.589526844024658203e+01,6.075764656066894531e+00,0.000000000000000000e+00
1.221474456787109375e+01,1.028268814086914062e+01,0.000000000000000000e+00
1.539871883392333984e+01,4.875930309295654297e+00,0.000000000000000000e+00
1.485177612304687500e+01,4.987549304962158203e+00,0.000000000000000000e+00
1.610418319702148438e+01,5.782384395599365234e+00,0.000000000000000000e+00
1.349411869049072266e+01,3.427458524703979492e+00,0.000000000000000000e+00
1.542684745788574219e+01,4.767362117767333984e+00,0.000000000000000000e+00
1.466776275634765625e+01,8.083704948425292969e+00,0.000000000000000000e+00
1.399783611297607422e+01,4.286530494689941406e+00,0.000000000000000000e+00
1.463342380523681641e+01,-6.467564582824707031e+00,0.000000000000000000e+00
1.597469234466552734e+01,5.188014507293701172e+00,0.000000000000000000e+00
1.280484867095947266e+01,3.322808265686035156e+00,0.000000000000000000e+00
1.526892280578613281e+01,6.072562217712402344e+00,0.000000000000000000e+00
1.314503288269042969e+01,5.225248813629150391e+00,0.000000000000000000e+00
1.502309226989746094e+01,5.722476959228515625e+00,0.000000000000000000e+00
1.548579502105712891e+01,9.273165702819824219e+00,0.000000000000000000e+00
1.465804481506347656e+01,4.315763950347900391e+00,0.000000000000000000e+00
1.515206813812255859e+01,6.861933231353759766e+00,0.000000000000000000e+00
1.387620353698730469e+01,8.366310119628906250e+00,0.000000000000000000e+00
1.476591396331787109e+01,4.510546684265136719e+00,0.000000000000000000e+00
1.508274841308593750e+01,6.735574245452880859e+00,0.000000000000000000e+00
1.435119056701660156e+01,7.768364429473876953e+00,0.000000000000000000e+00
1.543745517730712891e+01,5.816273212432861328e+00,0.000000000000000000e+00
3.998259305953979492e+00,-1.019775676727294922e+01,0.000000000000000000e+00
1.358930778503417969e+01,9.085415840148925781e+00,0.000000000000000000e+00
1.152416610717773438e+01,3.963233709335327148e+00,0.000000000000000000e+00
1.267351055145263672e+01,3.345289707183837891e+00,0.000000000000000000e+00
1.422939872741699219e+01,5.217148303985595703e+00,0.000000000000000000e+00
1.503480052947998047e+01,3.750851869583129883e+00,0.000000000000000000e+00
1.319945907592773438e+01,3.374525308609008789e+00,0.000000000000000000e+00
1.252568244934082031e+01,8.529836654663085938e+00,0.000000000000000000e+00
1.480000877380371094e+01,5.304312705993652344e+00,0.000000000000000000e+00
1.486268615722656250e+01,8.018880844116210938e+00,0.000000000000000000e+00
1.489085578918457031e+01,6.547528266906738281e+00,0.000000000000000000e+00
1.487081050872802734e+01,-6.518297195434570312e+00,0.000000000000000000e+00
1.534526252746582031e+01,4.153127670288085938e+00,0.000000000000000000e+00
1.363867855072021484e+01,9.342532157897949219e+00,0.000000000000000000e+00
1.561009025573730469e+01,4.973040103912353516e+00,0.000000000000000000e+00
1.492274188995361328e+01,8.305397033691406250e+00,0.000000000000000000e+00
1.376148319244384766e+01,5.700319766998291016e+00,0.000000000000000000e+00
1.488378143310546875e+01,7.075757980346679688e+00,0.000000000000000000e+00
1.348522472381591797e+01,-3.398232698440551758e+00,0.000000000000000000e+00
1.487417411804199219e+01,3.948740959167480469e+00,0.000000000000000000e+00
1.464287662506103516e+01,7.492558956146240234e+00,0.000000000000000000e+00
1.444760036468505859e+01,7.460456371307373047e+00,0.000000000000000000e+00
1.513315486907958984e+01,3.845789670944213867e+00,0.000000000000000000e+00
1.384415626525878906e+01,6.094886779785156250e+00,0.000000000000000000e+00
1.275489521026611328e+01,3.637484312057495117e+00,0.000000000000000000e+00
1.344169235229492188e+01,-3.481696605682373047e+00,0.000000000000000000e+00
1.366223526000976562e+01,7.414638519287109375e+00,0.000000000000000000e+00
1.598420810699462891e+01,4.588215827941894531e+00,0.000000000000000000e+00
1.472740650177001953e+01,8.494972229003906250e+00,0.000000000000000000e+00
1.523081970214843750e+01,-7.264420509338378906e+00,0.000000000000000000e+00
1.423020362854003906e+01,6.829119682312011719e+00,0.000000000000000000e+00
1.497373867034912109e+01,-6.071568012237548828e+00,0.000000000000000000e+00
1.417349910736083984e+01,4.706857204437255859e+00,0.000000000000000000e+00
1.436006164550781250e+01,5.028950691223144531e+00,0.000000000000000000e+00
1.239526367187500000e+01,3.669678211212158203e+00,0.000000000000000000e+00
1.402630329132080078e+01,4.299555778503417969e+00,0.000000000000000000e+00
1.547226333618164062e+01,-7.451550006866455078e+00,0.000000000000000000e+00
1.443464660644531250e+01,6.095393180847167969e+00,0.000000000000000000e+00
1.524601173400878906e+01,-6.258240222930908203e+00,0.000000000000000000e+00
1.497541809082031250e+01,7.630318164825439453e+00,0.000000000000000000e+00
1.262970733642578125e+01,9.717758178710937500e+00,0.000000000000000000e+00
1.366460514068603516e+01,7.329120635986328125e+00,0.000000000000000000e+00
1.526870536804199219e+01,4.272156715393066406e+00,0.000000000000000000e+00
1.504410743713378906e+01,-6.290803432464599609e+00,0.000000000000000000e+00
1.551590538024902344e+01,6.167589664459228516e+00,0.000000000000000000e+00
1.386828708648681641e+01,4.437976837158203125e+00,0.000000000000000000e+00
1.383470630645751953e+01,1.140369319915771484e+01,0.000000000000000000e+00
1.531170558929443359e+01,-6.247493267059326172e+00,1.000000000000000000e+00
1.488857269287109375e+01,-6.962497234344482422e+00,1.000000000000000000e+00
1.250529289245605469e+01,4.108214378356933594e+00,1.000000000000000000e+00
1.556307125091552734e+01,-7.313762664794921875e+00,1.000000000000000000e+00
1.547874546051025391e+01,5.576707839965820312e+00,1.000000000000000000e+00
1.611310386657714844e+01,4.820743560791015625e+00,1.000000000000000000e+00
3.903180599212646484e+00,-1.029351997375488281e+01,1.000000000000000000e+00
1.523437595367431641e+01,5.670246601104736328e+00,1.000000000000000000e+00
1.553168678283691406e+01,4.822611331939697266e+00,1.000000000000000000e+00
1.245626068115234375e+01,4.164955615997314453e+00,1.000000000000000000e+00
1.488826656341552734e+01,2.465673208236694336e+00,1.000000000000000000e+00
1.238530349731445312e+01,1.013709735870361328e+01,1.000000000000000000e+00
1.360166931152343750e+01,9.053937911987304688e+00,1.000000000000000000e+00
1.535093784332275391e+01,9.269117355346679688e+00,1.000000000000000000e+00
1.513585376739501953e+01,6.483184337615966797e+00,1.000000000000000000e+00
1.520815372467041016e+01,3.757171392440795898e+00,1.000000000000000000e+00
1.576183891296386719e+01,4.832882404327392578e+00,1.000000000000000000e+00
1.238650226593017578e+01,3.770962238311767578e+00,1.000000000000000000e+00
1.565228557586669922e+01,5.742763042449951172e+00,1.000000000000000000e+00
1.587922763824462891e+01,5.302167415618896484e+00,1.000000000000000000e+00
1.250297737121582031e+01,3.730099678039550781e+00,1.000000000000000000e+00
1.257164955139160156e+01,3.703916549682617188e+00,1.000000000000000000e+00
1.285158824920654297e+01,3.556778430938720703e+00,1.000000000000000000e+00
1.534974288940429688e+01,9.208812713623046875e+00,1.000000000000000000e+00
1.487161636352539062e+01,5.871733188629150391e+00,1.000000000000000000e+00
-1.932586669921875000e+00,1.313957309722900391e+01,1.000000000000000000e+00
1.275990772247314453e+01,9.466774940490722656e+00,1.000000000000000000e+00
1.511744976043701172e+01,-6.104104518890380859e+00,1.000000000000000000e+00
1.490806770324707031e+01,2.732715845108032227e+00,1.000000000000000000e+00
1.600484657287597656e+01,4.366917610168457031e+00,1.000000000000000000e+00
1.262743759155273438e+01,3.464084148406982422e+00,1.000000000000000000e+00
1.284068965911865234e+01,8.349320411682128906e+00,1.000000000000000000e+00
1.455383491516113281e+01,6.992738246917724609e+00,1.000000000000000000e+00
1.544164276123046875e+01,-7.016237258911132812e+00,1.000000000000000000e+00
1.491807842254638672e+01,-6.871958732604980469e+00,1.000000000000000000e+00
1.545617198944091797e+01,-6.823452472686767578e+00,1.000000000000000000e+00
1.110880851745605469e+01,1.810346722602844238e+00,1.000000000000000000e+00
1.526018238067626953e+01,-7.338512897491455078e+00,1.000000000000000000e+00
1.339376258850097656e+01,3.467787981033325195e+00,1.000000000000000000e+00
1.280195522308349609e+01,8.374393463134765625e+00,1.000000000000000000e+00
1.411320400238037109e+01,5.591871738433837891e+00,1.000000000000000000e+00
1.333913993835449219e+01,3.659476280212402344e+00,1.000000000000000000e+00
1.403819656372070312e+01,4.954994201660156250e+00,1.000000000000000000e+00
-1.905644655227661133e+00,1.311269855499267578e+01,1.000000000000000000e+00
1.423194980621337891e+01,5.858417034149169922e+00,1.000000000000000000e+00
1.460760498046875000e+01,-6.433163166046142578e+00,1.000000000000000000e+00
1.500456428527832031e+01,2.569110155105590820e+00,1.000000000000000000e+00
1.534015274047851562e+01,5.765899658203125000e+00,1.000000000000000000e+00
1.423496913909912109e+01,8.663379669189453125e+00,1.000000000000000000e+00
1.416980171203613281e+01,7.426860332489013672e+00,1.000000000000000000e+00
1.495377254486083984e+01,2.546716690063476562e+00,1.000000000000000000e+00
1.282907295227050781e+01,3.380158662796020508e+00,1.000000000000000000e+00
1.543990230560302734e+01,-7.039848804473876953e+00,1.000000000000000000e+00
1.234227371215820312e+01,1.028446578979492188e+01,1.000000000000000000e+00
1.547282695770263672e+01,5.494664669036865234e+00,1.000000000000000000e+00
1.548806095123291016e+01,5.219064235687255859e+00,1.000000000000000000e+00
1.512495803833007812e+01,-5.911680698394775391e+00,1.000000000000000000e+00
1.448701286315917969e+01,5.133404731750488281e+00,1.000000000000000000e+00
1.509865665435791016e+01,-5.906961441040039062e+00,1.000000000000000000e+00
1.303542709350585938e+01,3.555144309997558594e+00,1.000000000000000000e+00
-1.970694422721862793e+00,1.317731285095214844e+01,1.000000000000000000e+00
1.507432270050048828e+01,-7.205393791198730469e+00,1.000000000000000000e+00
1.437609481811523438e+01,6.668685913085937500e+00,1.000000000000000000e+00
1.115680122375488281e+01,1.707420945167541504e+00,1.000000000000000000e+00
1.518770027160644531e+01,4.281542778015136719e+00,1.000000000000000000e+00
1.378978061676025391e+01,9.153772354125976562e+00,1.000000000000000000e+00
1.550442314147949219e+01,9.278435707092285156e+00,1.000000000000000000e+00
1.269422149658203125e+01,8.368064880371093750e+00,1.000000000000000000e+00
-2.029526472091674805e+00,1.323659229278564453e+01,1.000000000000000000e+00
1.322906589508056641e+01,5.265784740447998047e+00,1.000000000000000000e+00
1.437949371337890625e+01,5.319760799407958984e+00,1.000000000000000000e+00
1.490711116790771484e+01,-6.928154945373535156e+00,1.000000000000000000e+00
1.365172767639160156e+01,9.256882667541503906e+00,1.000000000000000000e+00
1.492884349822998047e+01,-6.816562652587890625e+00,1.000000000000000000e+00
1.429799652099609375e+01,7.550552368164062500e+00,1.000000000000000000e+00
1.373388481140136719e+01,9.183854103088378906e+00,1.000000000000000000e+00
1.449833583831787109e+01,7.631720542907714844e+00,1.000000000000000000e+00
1.487759590148925781e+01,4.770914554595947266e+00,1.000000000000000000e+00
1.518303394317626953e+01,5.342705249786376953e+00,1.000000000000000000e+00
1.481124496459960938e+01,5.317122936248779297e+00,1.000000000000000000e+00
1.282066249847412109e+01,3.480950832366943359e+00,1.000000000000000000e+00
1.320755004882812500e+01,4.066148281097412109e+00,1.000000000000000000e+00
1.523748397827148438e+01,-6.020447731018066406e+00,1.000000000000000000e+00
1.616370391845703125e+01,5.402765750885009766e+00,1.000000000000000000e+00
1.342912864685058594e+01,3.788802623748779297e+00,1.000000000000000000e+00
1.256311511993408203e+01,8.559990882873535156e+00,1.000000000000000000e+00
1.390036201477050781e+01,1.137260437011718750e+01,1.000000000000000000e+00
1.348869037628173828e+01,-3.519085645675659180e+00,1.000000000000000000e+00
1.432988739013671875e+01,5.460884094238281250e+00,1.000000000000000000e+00
1.492422866821289062e+01,6.373016357421875000e+00,1.000000000000000000e+00
1.415608215332031250e+01,4.749442100524902344e+00,1.000000000000000000e+00
1.379194164276123047e+01,9.186260223388671875e+00,1.000000000000000000e+00
1.455478096008300781e+01,4.658342361450195312e+00,1.000000000000000000e+00
1.383683681488037109e+01,9.115038871765136719e+00,1.000000000000000000e+00
1.465205574035644531e+01,4.671069145202636719e+00,1.000000000000000000e+00
4.010478973388671875e+00,-1.012127304077148438e+01,1.000000000000000000e+00
1.226413249969482422e+01,1.016623401641845703e+01,1.000000000000000000e+00
1.489953136444091797e+01,-5.993052482604980469e+00,1.000000000000000000e+00
1.436255836486816406e+01,7.287898063659667969e+00,1.000000000000000000e+00
1.427709102630615234e+01,8.819134712219238281e+00,1.000000000000000000e+00
1.409013557434082031e+01,9.201402664184570312e+00,1.000000000000000000e+00
1.351149559020996094e+01,-3.398804664611816406e+00,1.000000000000000000e+00
1.538756084442138672e+01,9.142531394958496094e+00,1.000000000000000000e+00
1.349300098419189453e+01,-3.455854177474975586e+00,1.000000000000000000e+00
1.290444278717041016e+01,3.636988401412963867e+00,1.000000000000000000e+00
1.620852470397949219e+01,5.213510990142822266e+00,1.000000000000000000e+00
1.441615772247314453e+01,4.862552165985107422e+00,1.000000000000000000e+00
1.456853961944580078e+01,-7.295768737792968750e+00,1.000000000000000000e+00
1.263785457611083984e+01,3.360298395156860352e+00,1.000000000000000000e+00
1.494285392761230469e+01,2.634423732757568359e+00,1.000000000000000000e+00
1.257639217376708984e+01,8.482325553894042969e+00,1.000000000000000000e+00
1.392976284027099609e+01,1.138154125213623047e+01,1.000000000000000000e+00
1.499935150146484375e+01,5.405237674713134766e+00,1.000000000000000000e+00
1.512405014038085938e+01,5.087947845458984375e+00,1.000000000000000000e+00
1.573377895355224609e+01,5.241618633270263672e+00,1.000000000000000000e+00
1.561067676544189453e+01,5.945509433746337891e+00,1.000000000000000000e+00
1.538477706909179688e+01,-6.741064548492431641e+00,1.000000000000000000e+00
1.529780006408691406e+01,5.413889408111572266e+00,1.000000000000000000e+00
1.471025466918945312e+01,4.678402900695800781e+00,1.000000000000000000e+00
1.554534721374511719e+01,9.320688247680664062e+00,1.000000000000000000e+00
1.445868682861328125e+01,4.657277584075927734e+00,1.000000000000000000e+00
-1.890172123908996582e+00,1.309630203247070312e+01,1.000000000000000000e+00
1.536258983612060547e+01,-7.189167022705078125e+00,1.000000000000000000e+00
3.941608428955078125e+00,-1.020523452758789062e+01,1.000000000000000000e+00
1.109133243560791016e+01,1.806892395019531250e+00,1.000000000000000000e+00
1.484501934051513672e+01,-6.950641632080078125e+00,1.000000000000000000e+00
1.401700019836425781e+01,3.440910816192626953e+00,1.000000000000000000e+00
1.274375915527343750e+01,8.359627723693847656e+00,1.000000000000000000e+00
-1.958463430404663086e+00,1.316655158996582031e+01,1.000000000000000000e+00
1.490225505828857422e+01,8.427685737609863281e+00,1.000000000000000000e+00
1.397362709045410156e+01,1.142949485778808594e+01,1.000000000000000000e+00
1.514157390594482422e+01,5.605481147766113281e+00,1.000000000000000000e+00
1.548480319976806641e+01,-6.159920215606689453e+00,1.000000000000000000e+00
1.407148456573486328e+01,4.685101509094238281e+00,1.000000000000000000e+00
1.368211936950683594e+01,9.103326797485351562e+00,1.000000000000000000e+00
4.052821159362792969e+00,-1.028696918487548828e+01,1.000000000000000000e+00
1.273915958404541016e+01,8.579865455627441406e+00,1.000000000000000000e+00
1.506222152709960938e+01,5.140773773193359375e+00,1.000000000000000000e+00
1.497255706787109375e+01,4.422109127044677734e+00,1.000000000000000000e+00
1.488648128509521484e+01,2.747197866439819336e+00,1.000000000000000000e+00
1.249223232269287109e+01,3.552197933197021484e+00,1.000000000000000000e+00
1.408313179016113281e+01,7.754228591918945312e+00,1.000000000000000000e+00
1.612693405151367188e+01,5.032752513885498047e+00,1.000000000000000000e+00
1.403474617004394531e+01,5.360256195068359375e+00,1.000000000000000000e+00
1.550548744201660156e+01,9.312587738037109375e+00,1.000000000000000000e+00
1.507847118377685547e+01,-6.927714824676513672e+00,1.000000000000000000e+00
1.461714267730712891e+01,7.836427211761474609e+00,1.000000000000000000e+00
1.507345867156982422e+01,-5.844028949737548828e+00,1.000000000000000000e+00
1.353071308135986328e+01,8.987131118774414062e+00,1.000000000000000000e+00
1.344495105743408203e+01,-3.504475831985473633e+00,1.000000000000000000e+00
1.374873065948486328e+01,8.396376609802246094e+00,1.000000000000000000e+00
1.484350681304931641e+01,6.163023948669433594e+00,1.000000000000000000e+00
1.523332977294921875e+01,-5.894576549530029297e+00,1.000000000000000000e+00
1.512724018096923828e+01,-7.073971748352050781e+00,1.000000000000000000e+00
1.376269626617431641e+01,9.089712142944335938e+00,1.000000000000000000e+00
1.519873905181884766e+01,5.335705757141113281e+00,1.000000000000000000e+00
1.551451969146728516e+01,9.136698722839355469e+00,1.000000000000000000e+00
1.224985980987548828e+01,1.012359619140625000e+01,1.000000000000000000e+00
1.409690189361572266e+01,5.045256137847900391e+00,1.000000000000000000e+00
1.369160175323486328e+01,9.378148078918457031e+00,1.000000000000000000e+00
1.458386516571044922e+01,4.151517391204833984e+00,1.000000000000000000e+00
1.400328922271728516e+01,5.134409904479980469e+00,1.000000000000000000e+00
1.539723777770996094e+01,9.141161918640136719e+00,1.000000000000000000e+00
1.535478401184082031e+01,6.267314910888671875e+00,1.000000000000000000e+00
1.518006229400634766e+01,4.619742393493652344e+00,1.000000000000000000e+00
1.480133533477783203e+01,5.433832168579101562e+00,1.000000000000000000e+00
1.298273277282714844e+01,4.306726932525634766e+00,1.000000000000000000e+00
1.311549377441406250e+01,8.358070373535156250e+00,1.000000000000000000e+00
4.094733715057373047e+00,-1.015584754943847656e+01,1.000000000000000000e+00
1.616267585754394531e+01,4.857411861419677734e+00,1.000000000000000000e+00
1.542072772979736328e+01,5.846289157867431641e+00,1.000000000000000000e+00
1.497123146057128906e+01,-6.569291114807128906e+00,1.000000000000000000e+00
1.482632255554199219e+01,-6.529150009155273438e+00,1.000000000000000000e+00
1.534963703155517578e+01,5.658136844635009766e+00,1.000000000000000000e+00
1.363667201995849609e+01,9.322594642639160156e+00,1.000000000000000000e+00
1.432049942016601562e+01,5.035277843475341797e+00,1.000000000000000000e+00
1.544157028198242188e+01,-6.704245567321777344e+00,1.000000000000000000e+00
1.394085884094238281e+01,8.359741210937500000e+00,1.000000000000000000e+00
1.373344612121582031e+01,9.188401222229003906e+00,1.000000000000000000e+00
1.489531707763671875e+01,2.599756002426147461e+00,1.000000000000000000e+00
1.524948310852050781e+01,-6.034774303436279297e+00,1.000000000000000000e+00
1.455730819702148438e+01,3.634150505065917969e+00,1.000000000000000000e+00
1.325079917907714844e+01,5.238707065582275391e+00,1.000000000000000000e+00
1.552285957336425781e+01,5.843543052673339844e+00,1.000000000000000000e+00
1.384837532043457031e+01,1.132005214691162109e+01,1.000000000000000000e+00
1.541417217254638672e+01,5.257821083068847656e+00,1.000000000000000000e+00
4.057180404663085938e+00,-1.016307163238525391e+01,1.000000000000000000e+00
1.537954807281494141e+01,9.199312210083007812e+00,1.000000000000000000e+00
1.272447586059570312e+01,3.547901153564453125e+00,1.000000000000000000e+00
1.530893230438232422e+01,-6.832592964172363281e+00,1.000000000000000000e+00
4.050211429595947266e+00,-1.020541954040527344e+01,1.000000000000000000e+00
1.510031890869140625e+01,-7.085030555725097656e+00,1.000000000000000000e+00
1.357791423797607422e+01,5.109622478485107422e+00,1.000000000000000000e+00
1.274948883056640625e+01,8.665699005126953125e+00,1.000000000000000000e+00
1.543409919738769531e+01,9.341210365295410156e+00,1.000000000000000000e+00
1.446132564544677734e+01,4.864186286926269531e+00,1.000000000000000000e+00
1.518982124328613281e+01,-5.881225585937500000e+00,1.000000000000000000e+00
1.524539661407470703e+01,-6.066943645477294922e+00,1.000000000000000000e+00
1.458115863800048828e+01,4.794929504394531250e+00,1.000000000000000000e+00
1.310806560516357422e+01,3.947783470153808594e+00,1.000000000000000000e+00
1.561305522918701172e+01,-7.300011634826660156e+00,1.000000000000000000e+00
4.126973152160644531e+00,-1.034048938751220703e+01,1.000000000000000000e+00
1.496494102478027344e+01,-6.630316734313964844e+00,1.000000000000000000e+00
1.489211463928222656e+01,-6.300529956817626953e+00,1.000000000000000000e+00
1.386685848236083984e+01,6.194475650787353516e+00,1.000000000000000000e+00
1.394146060943603516e+01,9.224753379821777344e+00,1.000000000000000000e+00
1.526209831237792969e+01,4.312349319458007812e+00,1.000000000000000000e+00
1.538580036163330078e+01,-6.712574005126953125e+00,1.000000000000000000e+00
1.476131057739257812e+01,-6.534844398498535156e+00,1.000000000000000000e+00
1.570110034942626953e+01,5.459560394287109375e+00,1.000000000000000000e+00
1.508020591735839844e+01,-6.836933135986328125e+00,1.000000000000000000e+00
1.546016120910644531e+01,-6.715022087097167969e+00,1.000000000000000000e+00
1.354962062835693359e+01,4.998540878295898438e+00,1.000000000000000000e+00
1.425396060943603516e+01,5.992790222167968750e+00,1.000000000000000000e+00
3.952261924743652344e+00,-1.024145221710205078e+01,1.000000000000000000e+00
1.269143390655517578e+01,3.821686983108520508e+00,1.000000000000000000e+00
-1.942711830139160156e+00,1.314970111846923828e+01,1.000000000000000000e+00
1.530010890960693359e+01,9.233487129211425781e+00,1.000000000000000000e+00
1.399518775939941406e+01,4.895015716552734375e+00,1.000000000000000000e+00
1.542035961151123047e+01,-6.846345901489257812e+00,1.000000000000000000e+00
1.368554973602294922e+01,7.604817867279052734e+00,1.000000000000000000e+00
1.518541812896728516e+01,5.152971267700195312e+00,1.000000000000000000e+00
1.590969657897949219e+01,5.068929672241210938e+00,1.000000000000000000e+00
1.433338356018066406e+01,4.761673927307128906e+00,1.000000000000000000e+00
1.431762027740478516e+01,5.007080554962158203e+00,1.000000000000000000e+00
1.145808601379394531e+01,3.982629776000976562e+00,1.000000000000000000e+00
1.622543716430664062e+01,4.745151996612548828e+00,1.000000000000000000e+00
3.855191707611083984e+00,-1.007215023040771484e+01,1.000000000000000000e+00
1.546592235565185547e+01,9.202831268310546875e+00,1.000000000000000000e+00
1.589127254486083984e+01,5.064929962158203125e+00,1.000000000000000000e+00
1.145361614227294922e+01,3.902453422546386719e+00,1.000000000000000000e+00
1.395747566223144531e+01,5.140634536743164062e+00,1.000000000000000000e+00
1.559127426147460938e+01,-6.639198303222656250e+00,1.000000000000000000e+00
1.521819114685058594e+01,4.459840297698974609e+00,1.000000000000000000e+00
1.269124794006347656e+01,3.617810010910034180e+00,1.000000000000000000e+00
-1.993658423423767090e+00,1.320071125030517578e+01,1.000000000000000000e+00
1.278158760070800781e+01,3.627951860427856445e+00,1.000000000000000000e+00
1.472078609466552734e+01,8.464282035827636719e+00,1.000000000000000000e+00
4.067711353302001953e+00,-1.018721294403076172e+01,1.000000000000000000e+00
1.463546562194824219e+01,5.897398948669433594e+00,1.000000000000000000e+00
1.579056835174560547e+01,5.066449165344238281e+00,1.000000000000000000e+00
1.149286365509033203e+01,3.857052087783813477e+00,1.000000000000000000e+00
1.318901729583740234e+01,3.804325819015502930e+00,1.000000000000000000e+00
1.392896080017089844e+01,3.090238809585571289e+00,1.000000000000000000e+00
4.042177677154541016e+00,-1.006895160675048828e+01,1.000000000000000000e+00
1.534399414062500000e+01,9.008645057678222656e+00,1.000000000000000000e+00
1.548331069946289062e+01,4.574968338012695312e+00,1.000000000000000000e+00
1.503166007995605469e+01,-6.794421195983886719e+00,1.000000000000000000e+00
1.591748523712158203e+01,5.034683704376220703e+00,1.000000000000000000e+00
1.490152740478515625e+01,5.696342945098876953e+00,1.000000000000000000e+00
1.611028099060058594e+01,5.099488258361816406e+00,1.000000000000000000e+00
1.366382598876953125e+01,8.664798736572265625e+00,1.000000000000000000e+00
1.458670997619628906e+01,5.785634994506835938e+00,1.000000000000000000e+00
1.490645313262939453e+01,4.615402221679687500e+00,1.000000000000000000e+00
1.487878227233886719e+01,-6.809741497039794922e+00,1.000000000000000000e+00
1.438588428497314453e+01,4.843639850616455078e+00,1.000000000000000000e+00
1.469265937805175781e+01,6.779167652130126953e+00,1.000000000000000000e+00
1.441697406768798828e+01,5.311089038848876953e+00,1.000000000000000000e+00
1.508672904968261719e+01,9.202239990234375000e+00,1.000000000000000000e+00
1.351719856262207031e+01,-3.400593996047973633e+00,1.000000000000000000e+00
1.462190151214599609e+01,7.857453346252441406e+00,1.000000000000000000e+00
1.388097858428955078e+01,1.131080436706542969e+01,1.000000000000000000e+00
1.307809352874755859e+01,3.473705291748046875e+00,1.000000000000000000e+00
1.256923961639404297e+01,3.672779560089111328e+00,1.000000000000000000e+00
1.503612041473388672e+01,2.683918237686157227e+00,1.000000000000000000e+00
3.955406188964843750e+00,-1.020869541168212891e+01,1.000000000000000000e+00
1.484272861480712891e+01,2.619389772415161133e+00,1.000000000000000000e+00
1.471691608428955078e+01,6.697015762329101562e+00,1.000000000000000000e+00
1.508689785003662109e+01,-6.628540039062500000e+00,1.000000000000000000e+00
1.237921905517578125e+01,1.027474594116210938e+01,1.000000000000000000e+00
1.354098033905029297e+01,-3.534989356994628906e+00,1.000000000000000000e+00
1.475941753387451172e+01,8.321723937988281250e+00,1.000000000000000000e+00
1.511004638671875000e+01,-6.082487106323242188e+00,1.000000000000000000e+00
1.430986690521240234e+01,4.596482276916503906e+00,1.000000000000000000e+00
1.240662288665771484e+01,3.575993299484252930e+00,1.000000000000000000e+00
1.477668762207031250e+01,-6.635464668273925781e+00,1.000000000000000000e+00
1.431471633911132812e+01,7.271177768707275391e+00,1.000000000000000000e+00
1.454592132568359375e+01,5.155650615692138672e+00,1.000000000000000000e+00
1.497109317779541016e+01,6.244534015655517578e+00,1.000000000000000000e+00
1.311764717102050781e+01,8.475693702697753906e+00,1.000000000000000000e+00
1.465982627868652344e+01,8.479744911193847656e+00,1.000000000000000000e+00
1.239932441711425781e+01,1.025952816009521484e+01,1.000000000000000000e+00
3.916368007659912109e+00,-1.027390289306640625e+01,1.000000000000000000e+00
1.482388687133789062e+01,5.512675762176513672e+00,1.000000000000000000e+00
1.479828834533691406e+01,5.005433082580566406e+00,1.000000000000000000e+00
1.365625476837158203e+01,9.325300216674804688e+00,1.000000000000000000e+00
1.388033390045166016e+01,4.690832614898681641e+00,1.000000000000000000e+00
1.429310703277587891e+01,8.759491920471191406e+00,1.000000000000000000e+00
1.459848117828369141e+01,3.990162849426269531e+00,1.000000000000000000e+00
1.292013072967529297e+01,3.427321672439575195e+00,1.000000000000000000e+00
1.548769378662109375e+01,-6.170747280120849609e+00,1.000000000000000000e+00
1.518210697174072266e+01,4.838014125823974609e+00,1.000000000000000000e+00
1.419223976135253906e+01,5.723012924194335938e+00,1.000000000000000000e+00
1.534832382202148438e+01,5.655477046966552734e+00,1.000000000000000000e+00
1.561552619934082031e+01,4.871868610382080078e+00,1.000000000000000000e+00
-1.960362911224365234e+00,1.316738986968994141e+01,1.000000000000000000e+00
1.488407802581787109e+01,-6.545666694641113281e+00,1.000000000000000000e+00
1.585776710510253906e+01,5.604773521423339844e+00,1.000000000000000000e+00
1.580292510986328125e+01,5.360733032226562500e+00,1.000000000000000000e+00
1.574816608428955078e+01,4.726376056671142578e+00,1.000000000000000000e+00
1.398557376861572266e+01,8.006638526916503906e+00,1.000000000000000000e+00
1.515216827392578125e+01,-7.169141292572021484e+00,1.000000000000000000e+00
1.366336727142333984e+01,9.198380470275878906e+00,1.000000000000000000e+00
1.388945484161376953e+01,1.126732540130615234e+01,1.000000000000000000e+00
1.390759849548339844e+01,1.138062000274658203e+01,1.000000000000000000e+00
1.477173805236816406e+01,5.317918777465820312e+00,1.000000000000000000e+00
-1.970374464988708496e+00,1.317734909057617188e+01,1.000000000000000000e+00
4.047020912170410156e+00,-1.028440952301025391e+01,1.000000000000000000e+00
1.446984100341796875e+01,6.139467716217041016e+00,1.000000000000000000e+00
1.385650157928466797e+01,8.181813240051269531e+00,1.000000000000000000e+00
1.490419769287109375e+01,5.759519577026367188e+00,1.000000000000000000e+00
1.435027122497558594e+01,7.426588058471679688e+00,1.000000000000000000e+00
1.553886508941650391e+01,4.925703525543212891e+00,1.000000000000000000e+00
1.269709682464599609e+01,4.063665390014648438e+00,1.000000000000000000e+00
1.351765823364257812e+01,-3.390778303146362305e+00,1.000000000000000000e+00
1.544038009643554688e+01,9.208918571472167969e+00,1.000000000000000000e+00
1.584035396575927734e+01,5.949990749359130859e+00,1.000000000000000000e+00
1.334994506835937500e+01,3.440488576889038086e+00,1.000000000000000000e+00
1.376857185363769531e+01,8.449739456176757812e+00,1.000000000000000000e+00
1.351992797851562500e+01,-3.415564060211181641e+00,1.000000000000000000e+00
1.441382789611816406e+01,5.640851497650146484e+00,1.000000000000000000e+00
-1.979497551918029785e+00,1.318639659881591797e+01,1.000000000000000000e+00
1.502933979034423828e+01,-7.237888336181640625e+00,1.000000000000000000e+00
1.519149589538574219e+01,5.081578254699707031e+00,1.000000000000000000e+00
1.111297988891601562e+01,1.752555370330810547e+00,1.000000000000000000e+00
1.514970397949218750e+01,5.186374187469482422e+00,1.000000000000000000e+00
1.399658679962158203e+01,1.145056533813476562e+01,1.000000000000000000e+00
1.507613849639892578e+01,5.473129272460937500e+00,1.000000000000000000e+00
1.495290470123291016e+01,3.069210052490234375e+00,1.000000000000000000e+00
1.479033660888671875e+01,4.948655128479003906e+00,1.000000000000000000e+00
1.369311523437500000e+01,6.324118137359619141e+00,1.000000000000000000e+00
1.557759666442871094e+01,4.577158927917480469e+00,1.000000000000000000e+00
1.500061511993408203e+01,-7.069717884063720703e+00,1.000000000000000000e+00
1.513229465484619141e+01,-6.366217136383056641e+00,1.000000000000000000e+00
1.456832504272460938e+01,5.974361419677734375e+00,1.000000000000000000e+00
1.107751274108886719e+01,1.800831198692321777e+00,1.000000000000000000e+00
1.370178127288818359e+01,6.793926715850830078e+00,1.000000000000000000e+00
1.470011043548583984e+01,2.823953866958618164e+00,1.000000000000000000e+00
1.422885894775390625e+01,5.067777156829833984e+00,1.000000000000000000e+00
1.401340389251708984e+01,4.958195209503173828e+00,1.000000000000000000e+00
1.296533393859863281e+01,8.517416000366210938e+00,1.000000000000000000e+00
-2.060600996017456055e+00,1.326768875122070312e+01,1.000000000000000000e+00
1.427368736267089844e+01,5.218641757965087891e+00,1.000000000000000000e+00
1.549489593505859375e+01,5.669545650482177734e+00,1.000000000000000000e+00
1.396680450439453125e+01,8.362185478210449219e+00,1.000000000000000000e+00
1.537539100646972656e+01,-7.381445884704589844e+00,1.000000000000000000e+00
1.530418109893798828e+01,5.562343120574951172e+00,1.000000000000000000e+00
1.174202537536621094e+01,4.158628463745117188e+00,1.000000000000000000e+00
1.439061260223388672e+01,7.067389488220214844e+00,1.000000000000000000e+00
1.490517520904541016e+01,-6.163071632385253906e+00,1.000000000000000000e+00
1.290150547027587891e+01,8.297454833984375000e+00,1.000000000000000000e+00
1.270054721832275391e+01,3.974758863449096680e+00,1.000000000000000000e+00
1.482552719116210938e+01,5.370864391326904297e+00,1.000000000000000000e+00
1.497423839569091797e+01,3.858535528182983398e+00,1.000000000000000000e+00
1.393593311309814453e+01,5.984055995941162109e+00,1.000000000000000000e+00
1.560179805755615234e+01,5.532879352569580078e+00,1.000000000000000000e+00
1.574405574798583984e+01,5.289081573486328125e+00,1.000000000000000000e+00
1.508999061584472656e+01,-6.914535522460937500e+00,1.000000000000000000e+00
1.241133403778076172e+01,1.033597469329833984e+01,1.000000000000000000e+00
1.474459838867187500e+01,5.016612529754638672e+00,1.000000000000000000e+00
1.468881988525390625e+01,4.713006496429443359e+00,1.000000000000000000e+00
1.384115409851074219e+01,1.132683086395263672e+01,1.000000000000000000e+00
1.515513229370117188e+01,-5.932425498962402344e+00,1.000000000000000000e+00
1.557641887664794922e+01,9.283471107482910156e+00,1.000000000000000000e+00
1.410389328002929688e+01,9.278517723083496094e+00,1.000000000000000000e+00
1.540975189208984375e+01,4.893212795257568359e+00,1.000000000000000000e+00
1.257123088836669922e+01,8.525364875793457031e+00,1.000000000000000000e+00
1.443242645263671875e+01,7.721396923065185547e+00,1.000000000000000000e+00
1.492238521575927734e+01,2.805919170379638672e+00,1.000000000000000000e+00
1.466496372222900391e+01,4.571334838867187500e+00,1.000000000000000000e+00
1.350402545928955078e+01,-3.413578748703002930e+00,1.000000000000000000e+00
1.469575595855712891e+01,-6.580906391143798828e+00,1.000000000000000000e+00
1.421614646911621094e+01,5.387373924255371094e+00,1.000000000000000000e+00
1.449132442474365234e+01,8.304862022399902344e+00,1.000000000000000000e+00
1.344306182861328125e+01,-3.499328374862670898e+00,1.000000000000000000e+00
1.420367145538330078e+01,7.389297008514404297e+00,1.000000000000000000e+00
1.491499137878417969e+01,5.814541339874267578e+00,1.000000000000000000e+00
1.521457290649414062e+01,-6.220575332641601562e+00,1.000000000000000000e+00
3.843286275863647461e+00,-1.018689441680908203e+01,1.000000000000000000e+00
4.057483673095703125e+00,-1.017225360870361328e+01,1.000000000000000000e+00
1.489518737792968750e+01,8.021979331970214844e+00,1.000000000000000000e+00
1.380768680572509766e+01,9.283532142639160156e+00,1.000000000000000000e+00
4.120675563812255859e+00,-1.021766662597656250e+01,1.000000000000000000e+00
1.429515838623046875e+01,6.285626411437988281e+00,1.000000000000000000e+00
1.262021541595458984e+01,8.428418159484863281e+00,1.000000000000000000e+00
1.435178375244140625e+01,5.910851478576660156e+00,1.000000000000000000e+00
1.397022247314453125e+01,7.663147926330566406e+00,1.000000000000000000e+00
1.381961250305175781e+01,7.731422424316406250e+00,1.000000000000000000e+00
1.388393020629882812e+01,9.265446662902832031e+00,1.000000000000000000e+00
1.153809165954589844e+01,4.226018905639648438e+00,1.000000000000000000e+00
1.232255268096923828e+01,1.014905261993408203e+01,1.000000000000000000e+00
1.527803134918212891e+01,5.621954441070556641e+00,1.000000000000000000e+00
1.470212268829345703e+01,6.003995418548583984e+00,1.000000000000000000e+00
1.497285747528076172e+01,2.604764938354492188e+00,1.000000000000000000e+00
1.375409889221191406e+01,1.120347309112548828e+01,1.000000000000000000e+00
1.371078109741210938e+01,8.450191497802734375e+00,1.000000000000000000e+00
1.504581546783447266e+01,-6.604394435882568359e+00,1.000000000000000000e+00
1.400544643402099609e+01,7.509381294250488281e+00,1.000000000000000000e+00
1.309488582611083984e+01,3.937623977661132812e+00,1.000000000000000000e+00
1.387102127075195312e+01,1.141723537445068359e+01,1.000000000000000000e+00
1.441570472717285156e+01,5.092041492462158203e+00,1.000000000000000000e+00
4.059685230255126953e+00,-1.012239170074462891e+01,1.000000000000000000e+00
4.047566890716552734e+00,-1.022177314758300781e+01,1.000000000000000000e+00
1.393590545654296875e+01,1.136402320861816406e+01,1.000000000000000000e+00
1.376334953308105469e+01,7.841793537139892578e+00,1.000000000000000000e+00
1.559077453613281250e+01,5.369378566741943359e+00,1.000000000000000000e+00
4.028635501861572266e+00,-1.020002555847167969e+01,1.000000000000000000e+00
1.499880027770996094e+01,-6.001654624938964844e+00,1.000000000000000000e+00
1.548042964935302734e+01,-6.466767787933349609e+00,1.000000000000000000e+00
-2.024912595748901367e+00,1.323204231262207031e+01,1.000000000000000000e+00
1.500074672698974609e+01,5.434130668640136719e+00,1.000000000000000000e+00
1.104522228240966797e+01,1.815481305122375488e+00,1.000000000000000000e+00
4.064727306365966797e+00,-1.025793457031250000e+01,1.000000000000000000e+00
1.503809261322021484e+01,-6.000251293182373047e+00,1.000000000000000000e+00
1.229668712615966797e+01,1.015919208526611328e+01,1.000000000000000000e+00
1.457428932189941406e+01,4.617728233337402344e+00,1.000000000000000000e+00
1.234823703765869141e+01,1.019992733001708984e+01,1.000000000000000000e+00
1.403242015838623047e+01,9.048075675964355469e+00,1.000000000000000000e+00
1.482628345489501953e+01,8.338939666748046875e+00,1.000000000000000000e+00
1.277775382995605469e+01,8.510003089904785156e+00,1.000000000000000000e+00
1.498760318756103516e+01,-5.957516670227050781e+00,1.000000000000000000e+00
1.379848289489746094e+01,9.246173858642578125e+00,1.000000000000000000e+00
1.459591770172119141e+01,6.983392238616943359e+00,1.000000000000000000e+00
1.114872360229492188e+01,1.791666984558105469e+00,1.000000000000000000e+00
4.059445381164550781e+00,-1.008706951141357422e+01,1.000000000000000000e+00
1.449823570251464844e+01,4.713552474975585938e+00,1.000000000000000000e+00
1.262027931213378906e+01,3.431574344635009766e+00,1.000000000000000000e+00
3.970902919769287109e+00,-1.017999649047851562e+01,1.000000000000000000e+00
1.364900016784667969e+01,7.515495300292968750e+00,1.000000000000000000e+00
1.546071147918701172e+01,4.996063709259033203e+00,1.000000000000000000e+00
1.540596771240234375e+01,-7.398082256317138672e+00,1.000000000000000000e+00
1.490460491180419922e+01,-6.647840023040771484e+00,1.000000000000000000e+00
1.267707920074462891e+01,8.385500907897949219e+00,1.000000000000000000e+00
1.465534591674804688e+01,8.340935707092285156e+00,1.000000000000000000e+00
1.473992919921875000e+01,8.273155212402343750e+00,1.000000000000000000e+00
1.355465507507324219e+01,-3.379600763320922852e+00,1.000000000000000000e+00
1.528108882904052734e+01,-6.162940502166748047e+00,1.000000000000000000e+00
1.489244842529296875e+01,4.643997669219970703e+00,1.000000000000000000e+00
1.531264400482177734e+01,-6.342244625091552734e+00,1.000000000000000000e+00
1.318101692199707031e+01,5.350481033325195312e+00,1.000000000000000000e+00
1.229635334014892578e+01,1.016781902313232422e+01,1.000000000000000000e+00
1.436445999145507812e+01,4.982402801513671875e+00,1.000000000000000000e+00
1.515674591064453125e+01,-5.958190917968750000e+00,1.000000000000000000e+00
1.484409999847412109e+01,5.463532924652099609e+00,1.000000000000000000e+00
1.535993766784667969e+01,4.784142971038818359e+00,1.000000000000000000e+00
1.529632854461669922e+01,5.581767082214355469e+00,1.000000000000000000e+00
1.527208518981933594e+01,5.724081039428710938e+00,1.000000000000000000e+00
1.233683776855468750e+01,1.019717025756835938e+01,1.000000000000000000e+00
1.458244037628173828e+01,-7.217187404632568359e+00,1.000000000000000000e+00
1.318369579315185547e+01,3.752119779586791992e+00,1.000000000000000000e+00
1.580520057678222656e+01,5.391521453857421875e+00,1.000000000000000000e+00
1.111016750335693359e+01,1.772060036659240723e+00,1.000000000000000000e+00
1.111027622222900391e+01,1.755249500274658203e+00,1.000000000000000000e+00
1.363821792602539062e+01,4.093412876129150391e+00,1.000000000000000000e+00
1.593952178955078125e+01,5.325274467468261719e+00,1.000000000000000000e+00
1.291779899597167969e+01,3.568382024765014648e+00,1.000000000000000000e+00
1.489062118530273438e+01,2.609965801239013672e+00,1.000000000000000000e+00
1.535637855529785156e+01,4.305631637573242188e+00,1.000000000000000000e+00
1.391823673248291016e+01,8.845422744750976562e+00,1.000000000000000000e+00
1.534366703033447266e+01,5.986312389373779297e+00,1.000000000000000000e+00
1.492840194702148438e+01,6.107148170471191406e+00,1.000000000000000000e+00
1.540354919433593750e+01,9.134518623352050781e+00,1.000000000000000000e+00
1.379902267456054688e+01,5.295687198638916016e+00,1.000000000000000000e+00
1.554804611206054688e+01,4.457547187805175781e+00,1.000000000000000000e+00
1.239115142822265625e+01,1.023336601257324219e+01,1.000000000000000000e+00
1.385388946533203125e+01,6.077789306640625000e+00,1.000000000000000000e+00
1.544005680084228516e+01,9.138344764709472656e+00,1.000000000000000000e+00
1.262895584106445312e+01,3.643226623535156250e+00,1.000000000000000000e+00
1.574396419525146484e+01,5.598079681396484375e+00,1.000000000000000000e+00
1.493168449401855469e+01,2.540839195251464844e+00,1.000000000000000000e+00
1.531382942199707031e+01,9.091348648071289062e+00,1.000000000000000000e+00
1.377072238922119141e+01,1.121555137634277344e+01,1.000000000000000000e+00
1.376014328002929688e+01,6.348234176635742188e+00,1.000000000000000000e+00
1.437403678894042969e+01,5.075947284698486328e+00,1.000000000000000000e+00
1.381624889373779297e+01,1.128949832916259766e+01,1.000000000000000000e+00
1.349476528167724609e+01,-3.427175283432006836e+00,1.000000000000000000e+00
-1.993135690689086914e+00,1.320012760162353516e+01,1.000000000000000000e+00
1.231834793090820312e+01,1.017545223236083984e+01,1.000000000000000000e+00
1.142759227752685547e+01,4.225966453552246094e+00,1.000000000000000000e+00
3.972203016281127930e+00,-1.009807872772216797e+01,1.000000000000000000e+00
1.430392074584960938e+01,4.869021892547607422e+00,1.000000000000000000e+00
1.550217056274414062e+01,9.284249305725097656e+00,1.000000000000000000e+00
1.233389091491699219e+01,3.583642959594726562e+00,1.000000000000000000e+00
1.481602096557617188e+01,6.426535129547119141e+00,1.000000000000000000e+00
1.589527702331542969e+01,5.452046394348144531e+00,1.000000000000000000e+00
1.402546405792236328e+01,7.961707592010498047e+00,1.000000000000000000e+00
-1.914357900619506836e+00,1.312128829956054688e+01,1.000000000000000000e+00
1.577961635589599609e+01,4.795584678649902344e+00,1.000000000000000000e+00
1.468395328521728516e+01,4.727508068084716797e+00,1.000000000000000000e+00
1.378208732604980469e+01,7.590835094451904297e+00,1.000000000000000000e+00
1.260746574401855469e+01,8.651747703552246094e+00,1.000000000000000000e+00
1.449026012420654297e+01,5.830492496490478516e+00,1.000000000000000000e+00
1.480114746093750000e+01,5.205913066864013672e+00,1.000000000000000000e+00
3.951458692550659180e+00,-1.014554882049560547e+01,1.000000000000000000e+00
1.527874755859375000e+01,-7.165414810180664062e+00,1.000000000000000000e+00
1.281915378570556641e+01,4.238227367401123047e+00,1.000000000000000000e+00
1.408430194854736328e+01,5.150781154632568359e+00,1.000000000000000000e+00
1.495325851440429688e+01,2.518393993377685547e+00,1.000000000000000000e+00
3.969768524169921875e+00,-1.016410160064697266e+01,1.000000000000000000e+00
1.562390899658203125e+01,4.586259365081787109e+00,1.000000000000000000e+00
1.363252639770507812e+01,9.401702880859375000e+00,1.000000000000000000e+00
-1.875410914421081543e+00,1.308213806152343750e+01,1.000000000000000000e+00
1.367341327667236328e+01,9.314465522766113281e+00,1.000000000000000000e+00
1.229150009155273438e+01,1.015765666961669922e+01,1.000000000000000000e+00
1.368231010437011719e+01,9.118623733520507812e+00,1.000000000000000000e+00
1.398616313934326172e+01,7.830250263214111328e+00,1.000000000000000000e+00
1.367392158508300781e+01,7.293118000030517578e+00,1.000000000000000000e+00
1.567256259918212891e+01,4.728536605834960938e+00,1.000000000000000000e+00
1.462986087799072266e+01,-6.509045124053955078e+00,1.000000000000000000e+00
1.237415885925292969e+01,3.058115720748901367e+00,1.000000000000000000e+00
1.412101268768310547e+01,4.727085113525390625e+00,1.000000000000000000e+00
1.263750839233398438e+01,3.633128643035888672e+00,1.000000000000000000e+00
1.233096218109130859e+01,1.021977519989013672e+01,1.000000000000000000e+00
1.554655075073242188e+01,-7.274015426635742188e+00,1.000000000000000000e+00
1.442317295074462891e+01,-7.382596015930175781e+00,1.000000000000000000e+00
1.106250953674316406e+01,1.825830936431884766e+00,1.000000000000000000e+00
1.382678890228271484e+01,1.129943847656250000e+01,1.000000000000000000e+00
1.380198764801025391e+01,8.388700485229492188e+00,1.000000000000000000e+00
1.536880588531494141e+01,9.423517227172851562e+00,1.000000000000000000e+00
1.394162368774414062e+01,7.730329990386962891e+00,1.000000000000000000e+00
1.535090351104736328e+01,-6.318183898925781250e+00,1.000000000000000000e+00
1.464550781250000000e+01,4.238043308258056641e+00,1.000000000000000000e+00
1.507928085327148438e+01,4.473656654357910156e+00,1.000000000000000000e+00
-1.926268339157104492e+00,1.313338661193847656e+01,1.000000000000000000e+00
1.346594524383544922e+01,-3.262600183486938477e+00,1.000000000000000000e+00
1.439051818847656250e+01,6.913503646850585938e+00,1.000000000000000000e+00
1.461841201782226562e+01,-6.395258426666259766e+00,1.000000000000000000e+00
1.536042499542236328e+01,4.598354816436767578e+00,1.000000000000000000e+00
1.491399860382080078e+01,-7.017812728881835938e+00,1.000000000000000000e+00
1.600749588012695312e+01,5.119749069213867188e+00,1.000000000000000000e+00
3.910949707031250000e+00,-1.018470287322998047e+01,1.000000000000000000e+00
1.466005897521972656e+01,8.358765602111816406e+00,1.000000000000000000e+00
1.368334102630615234e+01,9.206691741943359375e+00,1.000000000000000000e+00
1.344997119903564453e+01,-3.457985639572143555e+00,1.000000000000000000e+00
1.496430969238281250e+01,6.001883029937744141e+00,1.000000000000000000e+00
1.274420070648193359e+01,4.160951137542724609e+00,1.000000000000000000e+00
1.582511425018310547e+01,5.487898826599121094e+00,1.000000000000000000e+00
1.485786342620849609e+01,4.938881874084472656e+00,1.000000000000000000e+00
4.038710594177246094e+00,-1.025651741027832031e+01,1.000000000000000000e+00
1.296037673950195312e+01,3.413716316223144531e+00,1.000000000000000000e+00
1.405300140380859375e+01,9.143184661865234375e+00,1.000000000000000000e+00
1.515944385528564453e+01,4.497615814208984375e+00,1.000000000000000000e+00
1.525212860107421875e+01,5.423912525177001953e+00,1.000000000000000000e+00
1.599406623840332031e+01,4.695199489593505859e+00,1.000000000000000000e+00
1.381668853759765625e+01,8.294757843017578125e+00,1.000000000000000000e+00
1.423952770233154297e+01,5.150553703308105469e+00,1.000000000000000000e+00
1.464774608612060547e+01,5.802356243133544922e+00,1.000000000000000000e+00
1.563146972656250000e+01,4.568583011627197266e+00,1.000000000000000000e+00
1.245905017852783203e+01,1.028617668151855469e+01,1.000000000000000000e+00
1.485093688964843750e+01,2.742596626281738281e+00,1.000000000000000000e+00
1.495656681060791016e+01,3.157253503799438477e+00,1.000000000000000000e+00
1.543688869476318359e+01,9.168999671936035156e+00,1.000000000000000000e+00
1.415015411376953125e+01,8.910534858703613281e+00,1.000000000000000000e+00
1.524572658538818359e+01,9.198458671569824219e+00,1.000000000000000000e+00
1.445068073272705078e+01,7.047228336334228516e+00,1.000000000000000000e+00
1.454297733306884766e+01,7.678484439849853516e+00,1.000000000000000000e+00
1.352339649200439453e+01,-3.438097476959228516e+00,1.000000000000000000e+00
1.481354713439941406e+01,2.776388883590698242e+00,1.000000000000000000e+00
1.252720165252685547e+01,3.969926595687866211e+00,1.000000000000000000e+00
1.464128684997558594e+01,-6.497653961181640625e+00,1.000000000000000000e+00
1.384701347351074219e+01,1.130929183959960938e+01,1.000000000000000000e+00
1.432311344146728516e+01,5.324741840362548828e+00,1.000000000000000000e+00
1.383370971679687500e+01,4.904319763183593750e+00,1.000000000000000000e+00
1.382236480712890625e+01,6.053815364837646484e+00,1.000000000000000000e+00
1.381107044219970703e+01,9.295467376708984375e+00,1.000000000000000000e+00
1.463711929321289062e+01,8.243223190307617188e+00,1.000000000000000000e+00
1.480615520477294922e+01,8.502639770507812500e+00,1.000000000000000000e+00
1.543979358673095703e+01,-6.821725368499755859e+00,1.000000000000000000e+00
1.220372772216796875e+01,1.006716251373291016e+01,1.000000000000000000e+00
1.387399196624755859e+01,1.133193778991699219e+01,1.000000000000000000e+00
-2.028292655944824219e+00,1.323532009124755859e+01,1.000000000000000000e+00
4.102255344390869141e+00,-1.031287097930908203e+01,1.000000000000000000e+00
1.496822643280029297e+01,-7.009205341339111328e+00,1.000000000000000000e+00
1.234526538848876953e+01,1.025423526763916016e+01,1.000000000000000000e+00
1.442503166198730469e+01,5.225553035736083984e+00,1.000000000000000000e+00
-1.958870649337768555e+00,1.316544818878173828e+01,1.000000000000000000e+00
1.108238887786865234e+01,1.773020982742309570e+00,1.000000000000000000e+00
1.349504184722900391e+01,4.365107059478759766e+00,1.000000000000000000e+00
1.499729824066162109e+01,4.127052307128906250e+00,1.000000000000000000e+00
1.496308231353759766e+01,2.530225992202758789e+00,1.000000000000000000e+00
1.497539615631103516e+01,6.109437942504882812e+00,1.000000000000000000e+00
1.493011379241943359e+01,2.832286834716796875e+00,1.000000000000000000e+00
1.537772560119628906e+01,9.220452308654785156e+00,1.000000000000000000e+00
1.351611423492431641e+01,-3.509548902511596680e+00,1.000000000000000000e+00
1.518679428100585938e+01,-7.085115432739257812e+00,1.000000000000000000e+00
1.240737056732177734e+01,1.031095504760742188e+01,1.000000000000000000e+00
1.557460784912109375e+01,-6.518641471862792969e+00,1.000000000000000000e+00
1.571005249023437500e+01,5.193376541137695312e+00,1.000000000000000000e+00
1.460301971435546875e+01,4.961130619049072266e+00,1.000000000000000000e+00
1.499680805206298828e+01,5.173802852630615234e+00,1.000000000000000000e+00
1.461847019195556641e+01,5.542567253112792969e+00,1.000000000000000000e+00
1.361864185333251953e+01,7.290311336517333984e+00,1.000000000000000000e+00
1.414950656890869141e+01,7.992263793945312500e+00,1.000000000000000000e+00
1.532599544525146484e+01,9.111794471740722656e+00,1.000000000000000000e+00
1.253468036651611328e+01,8.512497901916503906e+00,1.000000000000000000e+00
1.584777832031250000e+01,5.450309276580810547e+00,1.000000000000000000e+00
1.536096286773681641e+01,5.830961227416992188e+00,1.000000000000000000e+00
1.229449272155761719e+01,1.024546432495117188e+01,1.000000000000000000e+00
1.560684680938720703e+01,-7.311607360839843750e+00,1.000000000000000000e+00
4.072081565856933594e+00,-1.021757602691650391e+01,1.000000000000000000e+00
1.280436325073242188e+01,8.371532440185546875e+00,1.000000000000000000e+00
1.464017486572265625e+01,-6.369129657745361328e+00,1.000000000000000000e+00
1.470919990539550781e+01,4.084192276000976562e+00,1.000000000000000000e+00
1.501799774169921875e+01,6.093960762023925781e+00,1.000000000000000000e+00
1.104298210144042969e+01,1.832717418670654297e+00,1.000000000000000000e+00
1.470428657531738281e+01,5.114043712615966797e+00,1.000000000000000000e+00
1.488113307952880859e+01,2.694898128509521484e+00,1.000000000000000000e+00
1.502670478820800781e+01,-5.996995449066162109e+00,1.000000000000000000e+00
1.480307865142822266e+01,5.562399387359619141e+00,1.000000000000000000e+00
1.496147346496582031e+01,3.694220066070556641e+00,1.000000000000000000e+00
1.499014663696289062e+01,2.541918277740478516e+00,1.000000000000000000e+00
1.113665962219238281e+01,1.839412450790405273e+00,1.000000000000000000e+00
1.501377582550048828e+01,4.719684123992919922e+00,1.000000000000000000e+00
1.553356647491455078e+01,-6.377519130706787109e+00,1.000000000000000000e+00
1.348540782928466797e+01,-3.439203977584838867e+00,1.000000000000000000e+00
1.387636375427246094e+01,7.952590465545654297e+00,1.000000000000000000e+00
1.256822681427001953e+01,4.056342601776123047e+00,1.000000000000000000e+00
1.465136146545410156e+01,5.104762077331542969e+00,1.000000000000000000e+00
1.488936424255371094e+01,2.583295345306396484e+00,1.000000000000000000e+00
1.543092441558837891e+01,4.993631362915039062e+00,1.000000000000000000e+00
1.558510780334472656e+01,4.736805915832519531e+00,1.000000000000000000e+00
1.443748855590820312e+01,4.496814250946044922e+00,1.000000000000000000e+00
1.399237537384033203e+01,5.673645019531250000e+00,1.000000000000000000e+00
1.409207344055175781e+01,4.797643184661865234e+00,1.000000000000000000e+00
1.544591045379638672e+01,9.216512680053710938e+00,1.000000000000000000e+00
1.223220634460449219e+01,1.016336631774902344e+01,1.000000000000000000e+00
1.511286926269531250e+01,4.672282218933105469e+00,1.000000000000000000e+00
1.494100570678710938e+01,2.568599224090576172e+00,1.000000000000000000e+00
1.321799564361572266e+01,5.331688404083251953e+00,1.000000000000000000e+00
1.272931289672851562e+01,8.600955963134765625e+00,1.000000000000000000e+00
-2.015411376953125000e+00,1.322259235382080078e+01,1.000000000000000000e+00
1.589526939392089844e+01,4.764794826507568359e+00,1.000000000000000000e+00
1.391729259490966797e+01,1.140640163421630859e+01,1.000000000000000000e+00
-1.959671378135681152e+00,1.316666316986083984e+01,1.000000000000000000e+00
1.408002471923828125e+01,5.512145519256591797e+00,1.000000000000000000e+00
1.393810749053955078e+01,7.276023387908935547e+00,1.000000000000000000e+00
1.540669441223144531e+01,5.165988445281982422e+00,1.000000000000000000e+00
1.394351100921630859e+01,1.136823558807373047e+01,1.000000000000000000e+00
1.482280445098876953e+01,8.161028861999511719e+00,1.000000000000000000e+00
1.518536090850830078e+01,6.756772518157958984e+00,1.000000000000000000e+00
1.400574779510498047e+01,9.026596069335937500e+00,1.000000000000000000e+00
1.491089344024658203e+01,2.563147068023681641e+00,1.000000000000000000e+00
1.530117225646972656e+01,5.873217105865478516e+00,1.000000000000000000e+00
1.259595012664794922e+01,8.463433265686035156e+00,1.000000000000000000e+00
1.280613803863525391e+01,8.309399604797363281e+00,1.000000000000000000e+00
1.302566528320312500e+01,3.492790699005126953e+00,1.000000000000000000e+00
1.459231948852539062e+01,-7.244734287261962891e+00,1.000000000000000000e+00
1.380451774597167969e+01,1.099383258819580078e+01,1.000000000000000000e+00
1.456004047393798828e+01,5.074079036712646484e+00,1.000000000000000000e+00
1.258229446411132812e+01,4.145267009735107422e+00,1.000000000000000000e+00
1.255875682830810547e+01,8.511835098266601562e+00,1.000000000000000000e+00
-1.978992342948913574e+00,1.318609619140625000e+01,1.000000000000000000e+00
1.456174564361572266e+01,7.125217437744140625e+00,1.000000000000000000e+00
1.538344383239746094e+01,-6.645646095275878906e+00,1.000000000000000000e+00
1.493417263031005859e+01,4.382612705230712891e+00,1.000000000000000000e+00
1.493584918975830078e+01,2.518397092819213867e+00,1.000000000000000000e+00
1.456254005432128906e+01,-7.284042835235595703e+00,1.000000000000000000e+00
1.286648082733154297e+01,8.539344787597656250e+00,1.000000000000000000e+00
1.113569545745849609e+01,1.733095049858093262e+00,1.000000000000000000e+00
1.444746589660644531e+01,6.517796039581298828e+00,1.000000000000000000e+00
1.267674255371093750e+01,8.586065292358398438e+00,1.000000000000000000e+00
1.432663059234619141e+01,7.617509365081787109e+00,1.000000000000000000e+00
1.369432449340820312e+01,8.334911346435546875e+00,1.000000000000000000e+00
1.513319683074951172e+01,4.625555038452148438e+00,1.000000000000000000e+00
1.450199508666992188e+01,7.568752288818359375e+00,1.000000000000000000e+00
1.528443241119384766e+01,9.050461769104003906e+00,1.000000000000000000e+00
1.510455799102783203e+01,5.186972141265869141e+00,1.000000000000000000e+00
1.254085445404052734e+01,3.207787036895751953e+00,1.000000000000000000e+00
1.500556087493896484e+01,-6.400162220001220703e+00,1.000000000000000000e+00
1.375972270965576172e+01,9.227112770080566406e+00,1.000000000000000000e+00
1.503668689727783203e+01,-6.705447196960449219e+00,1.000000000000000000e+00
1.456383705139160156e+01,4.806447982788085938e+00,1.000000000000000000e+00
1.586449813842773438e+01,4.479902744293212891e+00,1.000000000000000000e+00
1.484788799285888672e+01,5.395526409149169922e+00,1.000000000000000000e+00
1.389939308166503906e+01,8.903819084167480469e+00,1.000000000000000000e+00
4.067121505737304688e+00,-1.015811443328857422e+01,1.000000000000000000e+00
1.551282596588134766e+01,5.188676834106445312e+00,1.000000000000000000e+00
1.239184474945068359e+01,1.024802970886230469e+01,1.000000000000000000e+00
1.555289363861083984e+01,-6.346425533294677734e+00,1.000000000000000000e+00
1.149323368072509766e+01,4.105262756347656250e+00,1.000000000000000000e+00
1.406420707702636719e+01,4.299272537231445312e+00,1.000000000000000000e+00
1.232975673675537109e+01,1.016373062133789062e+01,1.000000000000000000e+00
1.510404682159423828e+01,5.195178508758544922e+00,1.000000000000000000e+00
1.231350326538085938e+01,1.017647075653076172e+01,1.000000000000000000e+00
1.467670536041259766e+01,5.401151180267333984e+00,1.000000000000000000e+00
1.500880050659179688e+01,5.346570014953613281e+00,1.000000000000000000e+00
1.498256874084472656e+01,-6.938173294067382812e+00,1.000000000000000000e+00
1.459991931915283203e+01,6.411421298980712891e+00,1.000000000000000000e+00
1.480328559875488281e+01,2.681937217712402344e+00,1.000000000000000000e+00
1.266197109222412109e+01,3.667530775070190430e+00,1.000000000000000000e+00
1.518755340576171875e+01,4.987621307373046875e+00,1.000000000000000000e+00
1.573679637908935547e+01,5.591822147369384766e+00,1.000000000000000000e+00
1.369503784179687500e+01,9.049953460693359375e+00,1.000000000000000000e+00
1.491032409667968750e+01,4.393283367156982422e+00,1.000000000000000000e+00
1.475126647949218750e+01,5.877706527709960938e+00,1.000000000000000000e+00
1.151767921447753906e+01,3.847907304763793945e+00,1.000000000000000000e+00
1.248812770843505859e+01,3.473606586456298828e+00,1.000000000000000000e+00
1.275156211853027344e+01,3.313039064407348633e+00,1.000000000000000000e+00
1.565992736816406250e+01,5.752074718475341797e+00,1.000000000000000000e+00
1.109819793701171875e+01,1.762907385826110840e+00,1.000000000000000000e+00
1.433647918701171875e+01,8.609615325927734375e+00,1.000000000000000000e+00
1.480531215667724609e+01,-7.038427352905273438e+00,1.000000000000000000e+00
3.991462230682373047e+00,-1.019277477264404297e+01,1.000000000000000000e+00
1.593348407745361328e+01,5.767493247985839844e+00,1.000000000000000000e+00
1.560707092285156250e+01,-6.518213272094726562e+00,1.000000000000000000e+00
1.564391708374023438e+01,-6.572814464569091797e+00,1.000000000000000000e+00
1.442682361602783203e+01,7.473792552947998047e+00,1.000000000000000000e+00
1.281575393676757812e+01,8.566824913024902344e+00,1.000000000000000000e+00
1.367495441436767578e+01,8.387655258178710938e+00,1.000000000000000000e+00
1.220082569122314453e+01,3.469773054122924805e+00,1.000000000000000000e+00
1.488893890380859375e+01,-6.203445434570312500e+00,1.000000000000000000e+00
1.522292900085449219e+01,-6.040603637695312500e+00,1.000000000000000000e+00
1.387475967407226562e+01,1.132458114624023438e+01,1.000000000000000000e+00
1.390190029144287109e+01,1.135060691833496094e+01,1.000000000000000000e+00
1.293534088134765625e+01,3.732345581054687500e+00,1.000000000000000000e+00
1.366175937652587891e+01,9.304938316345214844e+00,1.000000000000000000e+00
1.374724864959716797e+01,7.400549411773681641e+00,1.000000000000000000e+00
1.508368015289306641e+01,-6.148089885711669922e+00,1.000000000000000000e+00
1.110790252685546875e+01,1.765172719955444336e+00,1.000000000000000000e+00
1.257161617279052734e+01,3.264228105545043945e+00,1.000000000000000000e+00
1.386930084228515625e+01,1.133457756042480469e+01,1.000000000000000000e+00
1.494079208374023438e+01,5.012441635131835938e+00,1.000000000000000000e+00
1.471837902069091797e+01,-6.589879989624023438e+00,1.000000000000000000e+00
1.491526317596435547e+01,4.119243621826171875e+00,1.000000000000000000e+00
1.523071384429931641e+01,-6.159602165222167969e+00,1.000000000000000000e+00
1.400404262542724609e+01,5.414822578430175781e+00,1.000000000000000000e+00
1.510184764862060547e+01,-6.776336669921875000e+00,1.000000000000000000e+00
1.468762016296386719e+01,5.450214862823486328e+00,1.000000000000000000e+00
1.536130905151367188e+01,5.373687744140625000e+00,1.000000000000000000e+00
1.506609821319580078e+01,5.817731380462646484e+00,1.000000000000000000e+00
1.562211799621582031e+01,5.041174888610839844e+00,1.000000000000000000e+00
1.505109119415283203e+01,-6.312999725341796875e+00,1.000000000000000000e+00
1.160025596618652344e+01,4.120734214782714844e+00,1.000000000000000000e+00
1.565749263763427734e+01,5.441499233245849609e+00,1.000000000000000000e+00
1.527346420288085938e+01,5.914913177490234375e+00,1.000000000000000000e+00
1.494890594482421875e+01,5.222469329833984375e+00,1.000000000000000000e+00
1.521544551849365234e+01,5.044079780578613281e+00,1.000000000000000000e+00
1.507881927490234375e+01,-6.085358142852783203e+00,1.000000000000000000e+00
1.455670547485351562e+01,5.182483673095703125e+00,1.000000000000000000e+00
1.473620319366455078e+01,4.248153686523437500e+00,1.000000000000000000e+00
1.526438426971435547e+01,5.538712501525878906e+00,1.000000000000000000e+00
3.988432168960571289e+00,-1.019967651367187500e+01,1.000000000000000000e+00
1.225712490081787109e+01,1.024141502380371094e+01,1.000000000000000000e+00
1.466285419464111328e+01,6.433677196502685547e+00,1.000000000000000000e+00
1.429810142517089844e+01,8.261837005615234375e+00,1.000000000000000000e+00
1.263101100921630859e+01,4.039463996887207031e+00,1.000000000000000000e+00
1.268082332611083984e+01,3.232525110244750977e+00,1.000000000000000000e+00
1.487690830230712891e+01,5.583719253540039062e+00,1.000000000000000000e+00
1.447637653350830078e+01,5.256824493408203125e+00,1.000000000000000000e+00
1.481084156036376953e+01,-6.378678798675537109e+00,1.000000000000000000e+00
1.525325298309326172e+01,-5.929813385009765625e+00,1.000000000000000000e+00
1.538915824890136719e+01,4.909232139587402344e+00,1.000000000000000000e+00
1.277865982055664062e+01,3.450837373733520508e+00,1.000000000000000000e+00
1.574049282073974609e+01,5.026912689208984375e+00,1.000000000000000000e+00
1.610662078857421875e+01,4.667748928070068359e+00,1.000000000000000000e+00
1.522210884094238281e+01,9.016264915466308594e+00,1.000000000000000000e+00
1.396728706359863281e+01,7.750574111938476562e+00,1.000000000000000000e+00
1.381970882415771484e+01,9.330830574035644531e+00,1.000000000000000000e+00
1.448425674438476562e+01,8.595170974731445312e+00,1.000000000000000000e+00
1.255484580993652344e+01,3.509435653686523438e+00,1.000000000000000000e+00
1.313898372650146484e+01,8.907755851745605469e+00,1.000000000000000000e+00
1.504953956604003906e+01,-6.477557659149169922e+00,1.000000000000000000e+00
1.319670391082763672e+01,5.418392658233642578e+00,1.000000000000000000e+00
1.106752777099609375e+01,1.762945652008056641e+00,1.000000000000000000e+00
1.460760593414306641e+01,8.185839653015136719e+00,1.000000000000000000e+00
1.508822536468505859e+01,-6.498415946960449219e+00,1.000000000000000000e+00
1.511817550659179688e+01,-6.569212913513183594e+00,1.000000000000000000e+00
1.414736843109130859e+01,5.220317363739013672e+00,1.000000000000000000e+00
1.464201641082763672e+01,5.629375934600830078e+00,1.000000000000000000e+00
1.387699890136718750e+01,1.128945350646972656e+01,1.000000000000000000e+00
1.289752483367919922e+01,3.538075447082519531e+00,1.000000000000000000e+00
1.516980934143066406e+01,-6.635149478912353516e+00,1.000000000000000000e+00
1.321575546264648438e+01,3.921269416809082031e+00,1.000000000000000000e+00
-1.921585440635681152e+00,1.312854385375976562e+01,1.000000000000000000e+00
1.364840793609619141e+01,9.352658271789550781e+00,1.000000000000000000e+00
