8.605647087097167969e+00,8.805365562438964844e+00,0.000000000000000000e+00
9.058965682983398438e+00,1.288176155090332031e+01,0.000000000000000000e+00
-1.670525908470153809e+00,6.421715736389160156e+00,0.000000000000000000e+00
9.842982292175292969e+00,8.999766349792480469e+00,0.000000000000000000e+00
1.082546424865722656e+01,1.508128166198730469e+01,0.000000000000000000e+00
1.273751831054687500e+01,1.427066421508789062e+01,0.000000000000000000e+00
-1.959634661674499512e+00,5.664808750152587891e+00,0.000000000000000000e+00
1.013206863403320312e+01,1.491480445861816406e+01,0.000000000000000000e+00
9.594362258911132812e+00,1.276952075958251953e+01,0.000000000000000000e+00
1.145734977722167969e+01,1.367439365386962891e+01,0.000000000000000000e+00
1.419734668731689453e+01,1.016098022460937500e+01,0.000000000000000000e+00
1.043858909606933594e+01,8.307101249694824219e+00,0.000000000000000000e+00
1.411778926849365234e+01,1.016113281250000000e+01,0.000000000000000000e+00
1.397733592987060547e+01,1.156759262084960938e+01,0.000000000000000000e+00
-1.927015304565429688e+00,5.482893943786621094e+00,0.000000000000000000e+00
1.187789535522460938e+01,1.115121555328369141e+01,0.000000000000000000e+00
1.200081157684326172e+01,1.316886138916015625e+01,0.000000000000000000e+00
1.425796699523925781e+01,9.954753875732421875e+00,0.000000000000000000e+00
9.540459632873535156e+00,8.915953636169433594e+00,0.000000000000000000e+00
1.051186084747314453e+01,1.528553390502929688e+01,0.000000000000000000e+00
1.101525306701660156e+01,9.353313446044921875e+00,0.000000000000000000e+00
-1.625847101211547852e+00,6.464378833770751953e+00,0.000000000000000000e+00
-1.636233448982238770e+00,6.481799125671386719e+00,0.000000000000000000e+00
1.314887714385986328e+01,1.037040615081787109e+01,0.000000000000000000e+00
1.404566574096679688e+01,1.003556632995605469e+01,0.000000000000000000e+00
1.084620285034179688e+01,1.358136463165283203e+01,0.000000000000000000e+00
8.761255264282226562e+00,1.432606887817382812e+01,0.000000000000000000e+00
1.466470432281494141e+01,1.041522789001464844e+01,0.000000000000000000e+00
8.708833694458007812e+00,8.596422195434570312e+00,0.000000000000000000e+00
-1.615007042884826660e+00,6.474742889404296875e+00,0.000000000000000000e+00
9.145902633666992188e+00,1.288198852539062500e+01,0.000000000000000000e+00
-2.049330711364746094e+00,5.753877639770507812e+00,0.000000000000000000e+00
1.227760314941406250e+01,9.942776679992675781e+00,0.000000000000000000e+00
8.661029815673828125e+00,1.445161628723144531e+01,0.000000000000000000e+00
9.129569053649902344e+00,1.126381206512451172e+01,0.000000000000000000e+00
1.039504432678222656e+01,1.374153900146484375e+01,0.000000000000000000e+00
9.991161346435546875e+00,1.391568565368652344e+01,0.000000000000000000e+00
9.909921646118164062e+00,8.688325881958007812e+00,0.000000000000000000e+00
1.361702537536621094e+01,1.182114028930664062e+01,0.000000000000000000e+00
9.611467361450195312e+00,1.481445980072021484e+01,0.000000000000000000e+00
8.342395782470703125e+00,1.099855327606201172e+01,0.000000000000000000e+00
9.064959526062011719e+00,1.289304161071777344e+01,0.000000000000000000e+00
1.175964355468750000e+01,1.161134147644042969e+01,0.000000000000000000e+00
1.360501480102539062e+01,1.183176326751708984e+01,0.000000000000000000e+00
8.544260025024414062e+00,1.110587310791015625e+01,0.000000000000000000e+00
1.192824363708496094e+01,1.363129615783691406e+01,0.000000000000000000e+00
9.081213951110839844e+00,1.285207080841064453e+01,0.000000000000000000e+00
1.009962368011474609e+01,1.297523307800292969e+01,0.000000000000000000e+00
-2.032267332077026367e+00,5.740725040435791016e+00,0.000000000000000000e+00
1.326184082031250000e+01,1.020453929901123047e+01,0.000000000000000000e+00
1.012531661987304688e+01,8.633848190307617188e+00,0.000000000000000000e+00
1.031350898742675781e+01,8.467551231384277344e+00,0.000000000000000000e+00
1.079986667633056641e+01,1.467662811279296875e+01,0.000000000000000000e+00
1.187920475006103516e+01,1.120172023773193359e+01,0.000000000000000000e+00
1.032900905609130859e+01,1.390885353088378906e+01,0.000000000000000000e+00
8.362283706665039062e+00,1.108335590362548828e+01,0.000000000000000000e+00
1.318929672241210938e+01,1.411769866943359375e+01,0.000000000000000000e+00
1.300096797943115234e+01,1.016658878326416016e+01,0.000000000000000000e+00
-1.952833652496337891e+00,5.526574611663818359e+00,0.000000000000000000e+00
1.170558834075927734e+01,1.514589405059814453e+01,0.000000000000000000e+00
9.567476272583007812e+00,1.308602619171142578e+01,0.000000000000000000e+00
9.380632400512695312e+00,8.922265052795410156e+00,0.000000000000000000e+00
1.076650428771972656e+01,1.010691833496093750e+01,0.000000000000000000e+00
-1.892974495887756348e+00,5.474997520446777344e+00,0.000000000000000000e+00
1.182524108886718750e+01,1.365161323547363281e+01,0.000000000000000000e+00
1.090569114685058594e+01,1.515082263946533203e+01,0.000000000000000000e+00
1.330465412139892578e+01,1.035358905792236328e+01,0.000000000000000000e+00
9.723669052124023438e+00,1.329066467285156250e+01,0.000000000000000000e+00
9.263950347900390625e+00,1.460622978210449219e+01,0.000000000000000000e+00
-1.948618531227111816e+00,5.529267787933349609e+00,0.000000000000000000e+00
1.019560623168945312e+01,1.251756095886230469e+01,0.000000000000000000e+00
1.146532535552978516e+01,9.152132034301757812e+00,0.000000000000000000e+00
9.954795837402343750e+00,1.102366733551025391e+01,0.000000000000000000e+00
1.263506412506103516e+01,1.014662265777587891e+01,0.000000000000000000e+00
1.391918373107910156e+01,1.160514068603515625e+01,0.000000000000000000e+00
9.094737052917480469e+00,1.464218425750732422e+01,0.000000000000000000e+00
1.296691799163818359e+01,1.019060134887695312e+01,0.000000000000000000e+00
8.284581184387207031e+00,1.101537895202636719e+01,0.000000000000000000e+00
1.122262668609619141e+01,1.482956790924072266e+01,0.000000000000000000e+00
1.397995758056640625e+01,9.755784988403320312e+00,0.000000000000000000e+00
1.010238933563232422e+01,1.356644248962402344e+01,0.000000000000000000e+00
1.439163112640380859e+01,1.007709312438964844e+01,0.000000000000000000e+00
1.128419589996337891e+01,1.362408161163330078e+01,0.000000000000000000e+00
1.394247055053710938e+01,1.155551242828369141e+01,0.000000000000000000e+00
-2.089235782623291016e+00,5.863553047180175781e+00,0.000000000000000000e+00
1.371918296813964844e+01,1.017629623413085938e+01,0.000000000000000000e+00
-2.065102100372314453e+00,5.882723331451416016e+00,0.000000000000000000e+00
9.181135177612304688e+00,1.289678382873535156e+01,0.000000000000000000e+00
8.657979011535644531e+00,1.425059509277343750e+01,0.000000000000000000e+00
9.628283500671386719e+00,8.980459213256835938e+00,0.000000000000000000e+00
1.094914722442626953e+01,1.360780811309814453e+01,0.000000000000000000e+00
1.260194778442382812e+01,9.988876342773437500e+00,0.000000000000000000e+00
1.209807109832763672e+01,1.266355705261230469e+01,0.000000000000000000e+00
1.040411376953125000e+01,1.493911170959472656e+01,0.000000000000000000e+00
-2.090027809143066406e+00,5.932276725769042969e+00,0.000000000000000000e+00
1.401141548156738281e+01,1.024275588989257812e+01,0.000000000000000000e+00
8.814952850341796875e+00,8.654080390930175781e+00,0.000000000000000000e+00
1.058700180053710938e+01,1.510584354400634766e+01,0.000000000000000000e+00
1.371716213226318359e+01,1.180375385284423828e+01,0.000000000000000000e+00
1.180407333374023438e+01,1.140224266052246094e+01,0.000000000000000000e+00
9.011353492736816406e+00,8.652884483337402344e+00,0.000000000000000000e+00
1.093046569824218750e+01,1.504870891571044922e+01,0.000000000000000000e+00
1.065271759033203125e+01,1.306761932373046875e+01,0.000000000000000000e+00
1.106532573699951172e+01,1.494032192230224609e+01,0.000000000000000000e+00
8.106631278991699219e+00,1.094075489044189453e+01,0.000000000000000000e+00
1.071363258361816406e+01,1.419966125488281250e+01,0.000000000000000000e+00
9.004724502563476562e+00,1.283340454101562500e+01,0.000000000000000000e+00
1.153239631652832031e+01,1.440677833557128906e+01,0.000000000000000000e+00
9.003936767578125000e+00,8.585147857666015625e+00,0.000000000000000000e+00
1.296269607543945312e+01,1.025597858428955078e+01,0.000000000000000000e+00
9.720756530761718750e+00,1.100556278228759766e+01,0.000000000000000000e+00
1.189149475097656250e+01,1.364980506896972656e+01,0.000000000000000000e+00
1.168331050872802734e+01,1.152831935882568359e+01,0.000000000000000000e+00
1.011238670349121094e+01,1.164185905456542969e+01,0.000000000000000000e+00
8.846075057983398438e+00,8.685126304626464844e+00,0.000000000000000000e+00
1.030048847198486328e+01,1.385258960723876953e+01,0.000000000000000000e+00
9.083048820495605469e+00,1.016454505920410156e+01,0.000000000000000000e+00
1.025190639495849609e+01,1.298167037963867188e+01,0.000000000000000000e+00
1.001750183105468750e+01,1.313193130493164062e+01,0.000000000000000000e+00
8.413745880126953125e+00,1.109663105010986328e+01,0.000000000000000000e+00
1.005450916290283203e+01,1.367345714569091797e+01,0.000000000000000000e+00
-1.927212357521057129e+00,5.495773792266845703e+00,0.000000000000000000e+00
9.868317604064941406e+00,1.318785858154296875e+01,0.000000000000000000e+00
8.584295272827148438e+00,1.434086799621582031e+01,0.000000000000000000e+00
8.718044281005859375e+00,1.445385074615478516e+01,0.000000000000000000e+00
1.160955810546875000e+01,9.575258255004882812e+00,0.000000000000000000e+00
1.317031002044677734e+01,1.021479892730712891e+01,0.000000000000000000e+00
1.459572410583496094e+01,1.045761775970458984e+01,0.000000000000000000e+00
9.914743423461914062e+00,8.692726135253906250e+00,0.000000000000000000e+00
1.050291728973388672e+01,1.523071479797363281e+01,0.000000000000000000e+00
1.144547557830810547e+01,8.596713066101074219e+00,0.000000000000000000e+00
1.178339481353759766e+01,1.156815052032470703e+01,0.000000000000000000e+00
1.368960857391357422e+01,1.182083606719970703e+01,0.000000000000000000e+00
1.075154876708984375e+01,1.525198554992675781e+01,0.000000000000000000e+00
9.292834281921386719e+00,1.087626934051513672e+01,0.000000000000000000e+00
1.373681354522705078e+01,1.174434757232666016e+01,0.000000000000000000e+00
8.318951606750488281e+00,1.106610584259033203e+01,0.000000000000000000e+00
9.964351654052734375e+00,1.406479454040527344e+01,0.000000000000000000e+00
1.362422084808349609e+01,1.182081413269042969e+01,0.000000000000000000e+00
1.353641510009765625e+01,1.183802890777587891e+01,0.000000000000000000e+00
1.148443984985351562e+01,9.537599563598632812e+00,0.000000000000000000e+00
1.053534984588623047e+01,1.391362762451171875e+01,0.000000000000000000e+00
9.564098358154296875e+00,9.020582199096679688e+00,0.000000000000000000e+00
1.073445892333984375e+01,1.486004829406738281e+01,0.000000000000000000e+00
1.170884513854980469e+01,1.161193561553955078e+01,0.000000000000000000e+00
8.167798042297363281e+00,1.097350215911865234e+01,0.000000000000000000e+00
1.093675518035888672e+01,1.345266246795654297e+01,0.000000000000000000e+00
1.176961803436279297e+01,1.309675502777099609e+01,0.000000000000000000e+00
1.072519016265869141e+01,1.519429302215576172e+01,0.000000000000000000e+00
1.033488464355468750e+01,1.201229572296142578e+01,0.000000000000000000e+00
1.353381729125976562e+01,1.186453628540039062e+01,0.000000000000000000e+00
8.217371940612792969e+00,1.100884246826171875e+01,0.000000000000000000e+00
1.463599491119384766e+01,1.048285484313964844e+01,0.000000000000000000e+00
1.292515659332275391e+01,1.030306816101074219e+01,0.000000000000000000e+00
1.457882785797119141e+01,1.044202709197998047e+01,0.000000000000000000e+00
1.025145816802978516e+01,1.387431716918945312e+01,0.000000000000000000e+00
8.524256706237792969e+00,1.109475994110107422e+01,0.000000000000000000e+00
1.063868713378906250e+01,1.515698242187500000e+01,0.000000000000000000e+00
9.859597206115722656e+00,8.581341743469238281e+00,0.000000000000000000e+00
1.462695312500000000e+01,1.055932044982910156e+01,0.000000000000000000e+00
1.430807399749755859e+01,1.019997310638427734e+01,0.000000000000000000e+00
8.834296226501464844e+00,8.612932205200195312e+00,0.000000000000000000e+00
9.965890884399414062e+00,1.296793842315673828e+01,0.000000000000000000e+00
9.646467208862304688e+00,1.407623004913330078e+01,0.000000000000000000e+00
1.397247314453125000e+01,9.882182121276855469e+00,0.000000000000000000e+00
-1.970268011093139648e+00,6.053230285644531250e+00,0.000000000000000000e+00
1.442641162872314453e+01,1.030824565887451172e+01,0.000000000000000000e+00
9.405632019042968750e+00,1.329167556762695312e+01,0.000000000000000000e+00
1.434350299835205078e+01,9.911016464233398438e+00,0.000000000000000000e+00
1.103016757965087891e+01,1.484747695922851562e+01,0.000000000000000000e+00
1.047302913665771484e+01,1.388229465484619141e+01,0.000000000000000000e+00
1.298414707183837891e+01,1.017548847198486328e+01,0.000000000000000000e+00
1.160048198699951172e+01,1.511575222015380859e+01,0.000000000000000000e+00
8.745154380798339844e+00,8.633286476135253906e+00,0.000000000000000000e+00
1.023379898071289062e+01,1.391339588165283203e+01,0.000000000000000000e+00
8.633592605590820312e+00,8.715609550476074219e+00,0.000000000000000000e+00
-2.063852310180664062e+00,5.784197330474853516e+00,0.000000000000000000e+00
1.270508480072021484e+01,1.011655902862548828e+01,0.000000000000000000e+00
1.392980384826660156e+01,1.160879325866699219e+01,0.000000000000000000e+00
1.071316337585449219e+01,1.430596065521240234e+01,0.000000000000000000e+00
-1.950514078140258789e+00,5.544212818145751953e+00,0.000000000000000000e+00
1.047700595855712891e+01,8.444907188415527344e+00,0.000000000000000000e+00
1.095554828643798828e+01,1.355167961120605469e+01,0.000000000000000000e+00
1.265357208251953125e+01,1.009043121337890625e+01,0.000000000000000000e+00
8.699851036071777344e+00,8.701559066772460938e+00,0.000000000000000000e+00
9.208520889282226562e+00,1.061814689636230469e+01,0.000000000000000000e+00
1.100472450256347656e+01,1.345589351654052734e+01,0.000000000000000000e+00
1.383640098571777344e+01,1.162999439239501953e+01,0.000000000000000000e+00
8.248598098754882812e+00,1.102196788787841797e+01,0.000000000000000000e+00
8.169892311096191406e+00,1.101966667175292969e+01,0.000000000000000000e+00
1.090120601654052734e+01,1.522416400909423828e+01,0.000000000000000000e+00
1.060964202880859375e+01,1.393606472015380859e+01,0.000000000000000000e+00
8.550123214721679688e+00,1.436165809631347656e+01,0.000000000000000000e+00
1.163630676269531250e+01,1.507459163665771484e+01,0.000000000000000000e+00
1.107037162780761719e+01,1.530244064331054688e+01,0.000000000000000000e+00
8.917868614196777344e+00,8.558439254760742188e+00,0.000000000000000000e+00
-1.659523487091064453e+00,6.435283660888671875e+00,0.000000000000000000e+00
8.739360809326171875e+00,8.675375938415527344e+00,0.000000000000000000e+00
8.185184478759765625e+00,1.100624179840087891e+01,0.000000000000000000e+00
1.276801490783691406e+01,1.012801074981689453e+01,0.000000000000000000e+00
1.099263000488281250e+01,1.156847763061523438e+01,0.000000000000000000e+00
8.794720649719238281e+00,8.714512825012207031e+00,0.000000000000000000e+00
8.612421035766601562e+00,1.432168865203857422e+01,0.000000000000000000e+00
1.388957118988037109e+01,1.160874080657958984e+01,0.000000000000000000e+00
9.542584419250488281e+00,9.009612083435058594e+00,0.000000000000000000e+00
9.713470458984375000e+00,8.939464569091796875e+00,0.000000000000000000e+00
1.297307491302490234e+01,1.015200233459472656e+01,0.000000000000000000e+00
1.372362995147705078e+01,1.019294261932373047e+01,0.000000000000000000e+00
9.050966262817382812e+00,1.108239650726318359e+01,0.000000000000000000e+00
1.090106582641601562e+01,1.514571571350097656e+01,0.000000000000000000e+00
-2.000449180603027344e+00,5.606487751007080078e+00,0.000000000000000000e+00
8.328618049621582031e+00,1.105114364624023438e+01,0.000000000000000000e+00
-1.917799234390258789e+00,5.486636161804199219e+00,0.000000000000000000e+00
1.164114093780517578e+01,1.159573745727539062e+01,0.000000000000000000e+00
1.410494804382324219e+01,9.998799324035644531e+00,0.000000000000000000e+00
1.411598300933837891e+01,1.006197929382324219e+01,0.000000000000000000e+00
1.065826320648193359e+01,1.315995597839355469e+01,0.000000000000000000e+00
8.936877250671386719e+00,8.586252212524414062e+00,0.000000000000000000e+00
-1.970680356025695801e+00,5.554363727569580078e+00,0.000000000000000000e+00
-1.998069882392883301e+00,5.671602725982666016e+00,0.000000000000000000e+00
1.183176612854003906e+01,1.162051868438720703e+01,0.000000000000000000e+00
8.666226387023925781e+00,8.700038909912109375e+00,0.000000000000000000e+00
1.203548145294189453e+01,1.452508068084716797e+01,0.000000000000000000e+00
1.184112930297851562e+01,1.173164463043212891e+01,0.000000000000000000e+00
1.414810180664062500e+01,9.967040061950683594e+00,0.000000000000000000e+00
1.131355571746826172e+01,1.385405635833740234e+01,0.000000000000000000e+00
1.118800354003906250e+01,1.475733947753906250e+01,0.000000000000000000e+00
1.418520450592041016e+01,1.002450275421142578e+01,0.000000000000000000e+00
1.115376663208007812e+01,1.482372760772705078e+01,0.000000000000000000e+00
-1.966900706291198730e+00,6.005857944488525391e+00,0.000000000000000000e+00
1.257721519470214844e+01,1.014593315124511719e+01,0.000000000000000000e+00
1.175406360626220703e+01,1.387847137451171875e+01,0.000000000000000000e+00
8.611109733581542969e+00,1.430628967285156250e+01,0.000000000000000000e+00
1.232020664215087891e+01,1.411351203918457031e+01,0.000000000000000000e+00
1.425862407684326172e+01,1.030987262725830078e+01,0.000000000000000000e+00
9.726130485534667969e+00,8.695464134216308594e+00,0.000000000000000000e+00
8.603824615478515625e+00,1.433263874053955078e+01,0.000000000000000000e+00
1.144840049743652344e+01,8.756546974182128906e+00,0.000000000000000000e+00
1.134557723999023438e+01,9.232954025268554688e+00,0.000000000000000000e+00
1.158913040161132812e+01,1.367544555664062500e+01,0.000000000000000000e+00
1.463049983978271484e+01,1.050356578826904297e+01,0.000000000000000000e+00
8.578288078308105469e+00,1.434168243408203125e+01,0.000000000000000000e+00
1.021504878997802734e+01,1.393270683288574219e+01,0.000000000000000000e+00
8.208424568176269531e+00,1.100981807708740234e+01,0.000000000000000000e+00
9.726306915283203125e+00,8.863236427307128906e+00,0.000000000000000000e+00
8.275002479553222656e+00,1.101543235778808594e+01,0.000000000000000000e+00
1.019765281677246094e+01,1.407801246643066406e+01,0.000000000000000000e+00
1.048554134368896484e+01,1.417949676513671875e+01,0.000000000000000000e+00
1.162121677398681641e+01,1.388988208770751953e+01,0.000000000000000000e+00
1.172384548187255859e+01,1.147245693206787109e+01,0.000000000000000000e+00
8.752596855163574219e+00,8.601162910461425781e+00,0.000000000000000000e+00
1.046458911895751953e+01,1.389400672912597656e+01,0.000000000000000000e+00
1.404035663604736328e+01,9.742204666137695312e+00,0.000000000000000000e+00
1.184871578216552734e+01,1.280093479156494141e+01,0.000000000000000000e+00
-2.032085180282592773e+00,5.534172534942626953e+00,0.000000000000000000e+00
1.037130451202392578e+01,1.365629863739013672e+01,0.000000000000000000e+00
9.581762313842773438e+00,8.874987602233886719e+00,0.000000000000000000e+00
1.099877834320068359e+01,1.329082584381103516e+01,0.000000000000000000e+00
8.668034553527832031e+00,8.619168281555175781e+00,0.000000000000000000e+00
9.803596496582031250e+00,1.407566547393798828e+01,0.000000000000000000e+00
8.731855392456054688e+00,8.560773849487304688e+00,0.000000000000000000e+00
9.071475028991699219e+00,8.556245803833007812e+00,0.000000000000000000e+00
8.969537734985351562e+00,1.280469894409179688e+01,0.000000000000000000e+00
1.245610046386718750e+01,1.370177268981933594e+01,0.000000000000000000e+00
9.080606460571289062e+00,1.024464511871337891e+01,0.000000000000000000e+00
1.200605773925781250e+01,1.010088920593261719e+01,0.000000000000000000e+00
1.055893898010253906e+01,1.320160865783691406e+01,0.000000000000000000e+00
1.093679332733154297e+01,1.491839027404785156e+01,0.000000000000000000e+00
9.006896018981933594e+00,1.289848995208740234e+01,0.000000000000000000e+00
9.065031051635742188e+00,1.282640361785888672e+01,0.000000000000000000e+00
1.074444675445556641e+01,1.386513805389404297e+01,0.000000000000000000e+00
1.431088638305664062e+01,1.021923923492431641e+01,0.000000000000000000e+00
-1.626642823219299316e+00,6.478717327117919922e+00,0.000000000000000000e+00
1.091364955902099609e+01,9.166125297546386719e+00,0.000000000000000000e+00
-2.068506479263305664e+00,5.669609546661376953e+00,0.000000000000000000e+00
1.460456085205078125e+01,1.049027919769287109e+01,0.000000000000000000e+00
1.059641170501708984e+01,1.390769386291503906e+01,0.000000000000000000e+00
8.637470245361328125e+00,8.620309829711914062e+00,0.000000000000000000e+00
1.212949848175048828e+01,9.999084472656250000e+00,0.000000000000000000e+00
-1.608727335929870605e+00,6.458586692810058594e+00,0.000000000000000000e+00
9.839846611022949219e+00,1.414528846740722656e+01,0.000000000000000000e+00
-1.938701033592224121e+00,5.506376743316650391e+00,0.000000000000000000e+00
9.992983818054199219e+00,9.080433845520019531e+00,0.000000000000000000e+00
9.132350921630859375e+00,1.014966678619384766e+01,0.000000000000000000e+00
9.787262916564941406e+00,8.982392311096191406e+00,0.000000000000000000e+00
1.078426742553710938e+01,1.420081901550292969e+01,0.000000000000000000e+00
-1.870502114295959473e+00,5.664288997650146484e+00,0.000000000000000000e+00
1.327679920196533203e+01,1.211593246459960938e+01,0.000000000000000000e+00
1.438984107971191406e+01,1.021535587310791016e+01,0.000000000000000000e+00
9.493837356567382812e+00,9.041814804077148438e+00,0.000000000000000000e+00
-4.418792247772216797e+00,9.231696128845214844e+00,1.000000000000000000e+00
-3.798978090286254883e+00,8.732020378112792969e+00,1.000000000000000000e+00
9.907126426696777344e+00,1.565525913238525391e+01,1.000000000000000000e+00
-3.309062719345092773e+00,7.424635887145996094e+00,1.000000000000000000e+00
9.425826072692871094e+00,1.350127315521240234e+01,1.000000000000000000e+00
1.052701187133789062e+01,1.307356262207031250e+01,1.000000000000000000e+00
1.196197986602783203e+01,1.454010200500488281e+01,1.000000000000000000e+00
1.224098014831542969e+01,1.393164157867431641e+01,1.000000000000000000e+00
9.156655311584472656e+00,1.461103153228759766e+01,1.000000000000000000e+00
9.443387985229492188e+00,1.344732093811035156e+01,1.000000000000000000e+00
9.338113784790039062e+00,1.202430248260498047e+01,1.000000000000000000e+00
1.107859516143798828e+01,9.374427795410156250e+00,1.000000000000000000e+00
1.292746734619140625e+01,9.347844123840332031e+00,1.000000000000000000e+00
1.037705707550048828e+01,1.143246269226074219e+01,1.000000000000000000e+00
1.065701198577880859e+01,7.361232757568359375e+00,1.000000000000000000e+00
1.023897075653076172e+01,1.000016784667968750e+01,1.000000000000000000e+00
9.118957519531250000e+00,1.463525772094726562e+01,1.000000000000000000e+00
1.236392116546630859e+01,1.451214694976806641e+01,1.000000000000000000e+00
1.061802101135253906e+01,7.519984722137451172e+00,1.000000000000000000e+00
1.296831417083740234e+01,1.377968311309814453e+01,1.000000000000000000e+00
9.134646415710449219e+00,1.542602062225341797e+01,1.000000000000000000e+00
1.336887359619140625e+01,1.472334003448486328e+01,1.000000000000000000e+00
9.157441139221191406e+00,1.539117336273193359e+01,1.000000000000000000e+00
1.124190902709960938e+01,9.154442787170410156e+00,1.000000000000000000e+00
1.114930629730224609e+01,1.273709678649902344e+01,1.000000000000000000e+00
1.183737754821777344e+01,1.075839328765869141e+01,1.000000000000000000e+00
1.153018379211425781e+01,9.496758460998535156e+00,1.000000000000000000e+00
-3.256241083145141602e+00,7.363873958587646484e+00,1.000000000000000000e+00
1.040408229827880859e+01,8.879806518554687500e+00,1.000000000000000000e+00
9.917656898498535156e+00,1.399737453460693359e+01,1.000000000000000000e+00
1.155028343200683594e+01,8.333867073059082031e+00,1.000000000000000000e+00
1.120567703247070312e+01,9.250115394592285156e+00,1.000000000000000000e+00
1.406801795959472656e+01,1.011466312408447266e+01,1.000000000000000000e+00
-4.228345870971679688e+00,7.948382854461669922e+00,1.000000000000000000e+00
-3.588049650192260742e+00,7.930098056793212891e+00,1.000000000000000000e+00
8.557110786437988281e+00,8.575483322143554688e+00,1.000000000000000000e+00
9.032108306884765625e+00,1.395103073120117188e+01,1.000000000000000000e+00
-4.884493350982666016e+00,8.395983695983886719e+00,1.000000000000000000e+00
9.527291297912597656e+00,1.473801422119140625e+01,1.000000000000000000e+00
8.423046112060546875e+00,1.107110404968261719e+01,1.000000000000000000e+00
1.398971176147460938e+01,1.025441646575927734e+01,1.000000000000000000e+00
9.517607688903808594e+00,1.474061393737792969e+01,1.000000000000000000e+00
9.798146247863769531e+00,1.571522617340087891e+01,1.000000000000000000e+00
1.143777656555175781e+01,1.342474746704101562e+01,1.000000000000000000e+00
1.124795341491699219e+01,1.212941837310791016e+01,1.000000000000000000e+00
-3.108627796173095703e+00,7.186071395874023438e+00,1.000000000000000000e+00
1.314778900146484375e+01,1.498875236511230469e+01,1.000000000000000000e+00
1.038848495483398438e+01,1.358091163635253906e+01,1.000000000000000000e+00
1.352075290679931641e+01,1.021293544769287109e+01,1.000000000000000000e+00
1.366658115386962891e+01,1.079537582397460938e+01,1.000000000000000000e+00
1.067507362365722656e+01,1.245386314392089844e+01,1.000000000000000000e+00
9.199700355529785156e+00,1.546002483367919922e+01,1.000000000000000000e+00
-4.053124904632568359e+00,8.563488006591796875e+00,1.000000000000000000e+00
1.027690982818603516e+01,1.029128551483154297e+01,1.000000000000000000e+00
1.360613250732421875e+01,1.327663421630859375e+01,1.000000000000000000e+00
1.287217044830322266e+01,1.234278202056884766e+01,1.000000000000000000e+00
-3.345781326293945312e+00,7.581433296203613281e+00,1.000000000000000000e+00
1.310328483581542969e+01,1.083691120147705078e+01,1.000000000000000000e+00
-4.226135253906250000e+00,9.105860710144042969e+00,1.000000000000000000e+00
1.003491973876953125e+01,1.529929065704345703e+01,1.000000000000000000e+00
1.286376953125000000e+01,1.083741092681884766e+01,1.000000000000000000e+00
-3.388680458068847656e+00,7.537382125854492188e+00,1.000000000000000000e+00
1.178340530395507812e+01,8.624338150024414062e+00,1.000000000000000000e+00
1.126433467864990234e+01,1.168553447723388672e+01,1.000000000000000000e+00
1.070697212219238281e+01,1.284887599945068359e+01,1.000000000000000000e+00
9.863393783569335938e+00,1.076236343383789062e+01,1.000000000000000000e+00
1.007477951049804688e+01,1.125036334991455078e+01,1.000000000000000000e+00
9.375946998596191406e+00,8.488821029663085938e+00,1.000000000000000000e+00
1.024103927612304688e+01,1.014889907836914062e+01,1.000000000000000000e+00
1.355989646911621094e+01,9.388645172119140625e+00,1.000000000000000000e+00
9.118407249450683594e+00,1.425139617919921875e+01,1.000000000000000000e+00
-3.146421909332275391e+00,7.226930618286132812e+00,1.000000000000000000e+00
1.237760734558105469e+01,1.028921031951904297e+01,1.000000000000000000e+00
-5.112523078918457031e+00,8.612246513366699219e+00,1.000000000000000000e+00
1.114400482177734375e+01,8.044869422912597656e+00,1.000000000000000000e+00
1.022838687896728516e+01,1.021326351165771484e+01,1.000000000000000000e+00
1.276066017150878906e+01,9.987162590026855469e+00,1.000000000000000000e+00
1.263638401031494141e+01,1.355195140838623047e+01,1.000000000000000000e+00
1.186097717285156250e+01,1.436828804016113281e+01,1.000000000000000000e+00
1.197934246063232422e+01,1.297856712341308594e+01,1.000000000000000000e+00
1.000496101379394531e+01,1.538229846954345703e+01,1.000000000000000000e+00
1.151995277404785156e+01,7.946933269500732422e+00,1.000000000000000000e+00
-4.722309112548828125e+00,9.128889083862304688e+00,1.000000000000000000e+00
1.277297878265380859e+01,1.368963432312011719e+01,1.000000000000000000e+00
1.167130947113037109e+01,1.540039825439453125e+01,1.000000000000000000e+00
1.006848239898681641e+01,9.524977684020996094e+00,1.000000000000000000e+00
1.239713287353515625e+01,1.150470066070556641e+01,1.000000000000000000e+00
-3.842753648757934570e+00,8.784318923950195312e+00,1.000000000000000000e+00
9.593836784362792969e+00,1.315542984008789062e+01,1.000000000000000000e+00
1.358850097656250000e+01,1.346908092498779297e+01,1.000000000000000000e+00
1.305353736877441406e+01,1.500935268402099609e+01,1.000000000000000000e+00
1.255366039276123047e+01,9.627497673034667969e+00,1.000000000000000000e+00
1.205486106872558594e+01,1.212967777252197266e+01,1.000000000000000000e+00
9.014279365539550781e+00,8.626547813415527344e+00,1.000000000000000000e+00
1.345782375335693359e+01,1.405024814605712891e+01,1.000000000000000000e+00
1.026390075683593750e+01,1.229678630828857422e+01,1.000000000000000000e+00
1.116354846954345703e+01,8.051627159118652344e+00,1.000000000000000000e+00
-3.679749250411987305e+00,8.646605491638183594e+00,1.000000000000000000e+00
1.244343566894531250e+01,1.147538471221923828e+01,1.000000000000000000e+00
9.974537849426269531e+00,1.254601192474365234e+01,1.000000000000000000e+00
1.123928356170654297e+01,7.959724426269531250e+00,1.000000000000000000e+00
-4.815088272094726562e+00,9.053176879882812500e+00,1.000000000000000000e+00
1.082360935211181641e+01,9.293036460876464844e+00,1.000000000000000000e+00
-4.682514667510986328e+00,8.681049346923828125e+00,1.000000000000000000e+00
1.106527614593505859e+01,1.566403102874755859e+01,1.000000000000000000e+00
1.307893085479736328e+01,1.304216766357421875e+01,1.000000000000000000e+00
1.352564334869384766e+01,1.194049358367919922e+01,1.000000000000000000e+00
-4.337190151214599609e+00,7.964420318603515625e+00,1.000000000000000000e+00
8.694892883300781250e+00,1.448267173767089844e+01,1.000000000000000000e+00
1.194874000549316406e+01,1.206690788269042969e+01,1.000000000000000000e+00
1.252295780181884766e+01,9.666985511779785156e+00,1.000000000000000000e+00
1.366142082214355469e+01,1.076888656616210938e+01,1.000000000000000000e+00
1.217276954650878906e+01,1.311943244934082031e+01,1.000000000000000000e+00
9.360600471496582031e+00,1.299208927154541016e+01,1.000000000000000000e+00
1.345970916748046875e+01,1.395077705383300781e+01,1.000000000000000000e+00
1.120282745361328125e+01,1.241031646728515625e+01,1.000000000000000000e+00
-4.550741672515869141e+00,8.642373085021972656e+00,1.000000000000000000e+00
1.329616451263427734e+01,1.424148464202880859e+01,1.000000000000000000e+00
1.205022811889648438e+01,1.475243186950683594e+01,1.000000000000000000e+00
1.141745090484619141e+01,1.131198024749755859e+01,1.000000000000000000e+00
1.315319633483886719e+01,1.441157150268554688e+01,1.000000000000000000e+00
1.237901592254638672e+01,9.790267944335937500e+00,1.000000000000000000e+00
-4.494893074035644531e+00,8.129968643188476562e+00,1.000000000000000000e+00
1.028282737731933594e+01,1.071215343475341797e+01,1.000000000000000000e+00
1.242546558380126953e+01,1.153411865234375000e+01,1.000000000000000000e+00
-4.180963516235351562e+00,9.133317947387695312e+00,1.000000000000000000e+00
9.927858352661132812e+00,1.500610828399658203e+01,1.000000000000000000e+00
1.241265869140625000e+01,9.827787399291992188e+00,1.000000000000000000e+00
1.111358165740966797e+01,1.058480262756347656e+01,1.000000000000000000e+00
1.266497230529785156e+01,1.195267391204833984e+01,1.000000000000000000e+00
1.268405532836914062e+01,9.951310157775878906e+00,1.000000000000000000e+00
1.151614856719970703e+01,1.272806453704833984e+01,1.000000000000000000e+00
-3.899414539337158203e+00,8.781435966491699219e+00,1.000000000000000000e+00
1.150441074371337891e+01,8.403754234313964844e+00,1.000000000000000000e+00
1.125565052032470703e+01,1.045482635498046875e+01,1.000000000000000000e+00
1.350133895874023438e+01,1.296895217895507812e+01,1.000000000000000000e+00
1.068599033355712891e+01,1.102428722381591797e+01,1.000000000000000000e+00
1.127396202087402344e+01,1.255875492095947266e+01,1.000000000000000000e+00
1.348864746093750000e+01,1.275630474090576172e+01,1.000000000000000000e+00
1.332931327819824219e+01,1.466657543182373047e+01,1.000000000000000000e+00
9.547266006469726562e+00,1.362706279754638672e+01,1.000000000000000000e+00
1.268464088439941406e+01,1.353833580017089844e+01,1.000000000000000000e+00
1.022990608215332031e+01,1.235023593902587891e+01,1.000000000000000000e+00
1.337682628631591797e+01,1.442051410675048828e+01,1.000000000000000000e+00
1.053760623931884766e+01,1.129189205169677734e+01,1.000000000000000000e+00
-3.315034627914428711e+00,7.424636840820312500e+00,1.000000000000000000e+00
1.001820468902587891e+01,8.261381149291992188e+00,1.000000000000000000e+00
-3.671616315841674805e+00,7.862797260284423828e+00,1.000000000000000000e+00
1.137112426757812500e+01,1.036064243316650391e+01,1.000000000000000000e+00
-4.218893051147460938e+00,8.244301795959472656e+00,1.000000000000000000e+00
1.096855449676513672e+01,1.104082870483398438e+01,1.000000000000000000e+00
9.478965759277343750e+00,1.191518878936767578e+01,1.000000000000000000e+00
-4.363628864288330078e+00,8.480119705200195312e+00,1.000000000000000000e+00
-4.491455078125000000e+00,8.812249183654785156e+00,1.000000000000000000e+00
1.177168750762939453e+01,9.913115501403808594e+00,1.000000000000000000e+00
1.172079086303710938e+01,1.281758499145507812e+01,1.000000000000000000e+00
1.164316272735595703e+01,8.931102752685546875e+00,1.000000000000000000e+00
1.013083457946777344e+01,9.782130241394042969e+00,1.000000000000000000e+00
1.045510673522949219e+01,1.220035552978515625e+01,1.000000000000000000e+00
1.134090232849121094e+01,1.081933689117431641e+01,1.000000000000000000e+00
1.354554653167724609e+01,1.097169876098632812e+01,1.000000000000000000e+00
1.409386539459228516e+01,9.954747200012207031e+00,1.000000000000000000e+00
1.268302154541015625e+01,9.568516731262207031e+00,1.000000000000000000e+00
1.266677951812744141e+01,1.244163894653320312e+01,1.000000000000000000e+00
1.360852718353271484e+01,1.334093952178955078e+01,1.000000000000000000e+00
9.149415016174316406e+00,1.423161506652832031e+01,1.000000000000000000e+00
1.143527317047119141e+01,1.347824954986572266e+01,1.000000000000000000e+00
1.094875240325927734e+01,1.019297504425048828e+01,1.000000000000000000e+00
1.156183242797851562e+01,1.420391368865966797e+01,1.000000000000000000e+00
9.331694602966308594e+00,1.385000991821289062e+01,1.000000000000000000e+00
9.386793136596679688e+00,1.361460494995117188e+01,1.000000000000000000e+00
-3.960112094879150391e+00,8.059252738952636719e+00,1.000000000000000000e+00
-4.421792030334472656e+00,8.171051979064941406e+00,1.000000000000000000e+00
1.184789180755615234e+01,1.250571823120117188e+01,1.000000000000000000e+00
1.353985500335693359e+01,9.412803649902343750e+00,1.000000000000000000e+00
1.251151275634765625e+01,1.338858127593994141e+01,1.000000000000000000e+00
-2.941427946090698242e+00,7.022852897644042969e+00,1.000000000000000000e+00
1.128230953216552734e+01,1.106080245971679688e+01,1.000000000000000000e+00
1.310437870025634766e+01,9.248436927795410156e+00,1.000000000000000000e+00
1.186545085906982422e+01,1.217465591430664062e+01,1.000000000000000000e+00
-4.273516654968261719e+00,9.174595832824707031e+00,1.000000000000000000e+00
1.338673686981201172e+01,1.265041828155517578e+01,1.000000000000000000e+00
1.354895973205566406e+01,9.374499320983886719e+00,1.000000000000000000e+00
9.652226448059082031e+00,1.122055435180664062e+01,1.000000000000000000e+00
1.099063777923583984e+01,7.496921062469482422e+00,1.000000000000000000e+00
1.305479526519775391e+01,1.251712608337402344e+01,1.000000000000000000e+00
1.052321815490722656e+01,1.204627799987792969e+01,1.000000000000000000e+00
9.871694564819335938e+00,1.139334106445312500e+01,1.000000000000000000e+00
9.577449798583984375e+00,1.582239437103271484e+01,1.000000000000000000e+00
-3.594899892807006836e+00,8.052490234375000000e+00,1.000000000000000000e+00
1.345666313171386719e+01,9.870495796203613281e+00,1.000000000000000000e+00
-4.366807460784912109e+00,9.294847488403320312e+00,1.000000000000000000e+00
1.045800113677978516e+01,1.255185317993164062e+01,1.000000000000000000e+00
1.031958007812500000e+01,8.122749328613281250e+00,1.000000000000000000e+00
8.761382102966308594e+00,1.113265991210937500e+01,1.000000000000000000e+00
9.425002098083496094e+00,1.425568103790283203e+01,1.000000000000000000e+00
-3.552552700042724609e+00,7.921820163726806641e+00,1.000000000000000000e+00
-4.439769268035888672e+00,8.418781280517578125e+00,1.000000000000000000e+00
1.352008438110351562e+01,1.270850563049316406e+01,1.000000000000000000e+00
1.141371631622314453e+01,1.560945892333984375e+01,1.000000000000000000e+00
-4.323544502258300781e+00,7.978940010070800781e+00,1.000000000000000000e+00
1.332108783721923828e+01,1.419491958618164062e+01,1.000000000000000000e+00
-4.531229496002197266e+00,9.267324447631835938e+00,1.000000000000000000e+00
-3.396610260009765625e+00,7.531882286071777344e+00,1.000000000000000000e+00
1.051590538024902344e+01,8.152766227722167969e+00,1.000000000000000000e+00
1.065798568725585938e+01,1.098377037048339844e+01,1.000000000000000000e+00
1.330651664733886719e+01,1.382792472839355469e+01,1.000000000000000000e+00
-4.363355636596679688e+00,8.995844841003417969e+00,1.000000000000000000e+00
-4.736720085144042969e+00,8.326191902160644531e+00,1.000000000000000000e+00
1.329995346069335938e+01,1.497859382629394531e+01,1.000000000000000000e+00
-3.805167675018310547e+00,7.994840145111083984e+00,1.000000000000000000e+00
-5.232223510742187500e+00,8.721359252929687500e+00,1.000000000000000000e+00
9.865900039672851562e+00,1.565655517578125000e+01,1.000000000000000000e+00
1.049248123168945312e+01,7.423385620117187500e+00,1.000000000000000000e+00
1.054057216644287109e+01,1.326890850067138672e+01,1.000000000000000000e+00
9.672404289245605469e+00,1.434837055206298828e+01,1.000000000000000000e+00
1.260582733154296875e+01,9.875294685363769531e+00,1.000000000000000000e+00
9.900094985961914062e+00,1.406427288055419922e+01,1.000000000000000000e+00
1.322990512847900391e+01,1.411181354522705078e+01,1.000000000000000000e+00
-3.506481409072875977e+00,7.676368236541748047e+00,1.000000000000000000e+00
1.104142093658447266e+01,1.125867843627929688e+01,1.000000000000000000e+00
1.315274047851562500e+01,1.416442871093750000e+01,1.000000000000000000e+00
8.659810066223144531e+00,1.439866065979003906e+01,1.000000000000000000e+00
1.219462013244628906e+01,1.314852905273437500e+01,1.000000000000000000e+00
1.285713005065917969e+01,1.374301147460937500e+01,1.000000000000000000e+00
1.138365840911865234e+01,1.562639617919921875e+01,1.000000000000000000e+00
1.258354091644287109e+01,1.455705547332763672e+01,1.000000000000000000e+00
1.353323936462402344e+01,1.294867515563964844e+01,1.000000000000000000e+00
1.247244358062744141e+01,9.734049797058105469e+00,1.000000000000000000e+00
1.273009681701660156e+01,1.347530555725097656e+01,1.000000000000000000e+00
9.233138084411621094e+00,1.175064849853515625e+01,1.000000000000000000e+00
1.154540348052978516e+01,1.206432723999023438e+01,1.000000000000000000e+00
-3.233051300048828125e+00,7.334590435028076172e+00,1.000000000000000000e+00
9.072927474975585938e+00,1.460013580322265625e+01,1.000000000000000000e+00
9.891907691955566406e+00,1.517990398406982422e+01,1.000000000000000000e+00
1.282162857055664062e+01,1.033684444427490234e+01,1.000000000000000000e+00
9.156863212585449219e+00,1.539969444274902344e+01,1.000000000000000000e+00
1.122221660614013672e+01,9.320831298828125000e+00,1.000000000000000000e+00
1.067143630981445312e+01,1.242828273773193359e+01,1.000000000000000000e+00
1.343014335632324219e+01,1.389899730682373047e+01,1.000000000000000000e+00
1.106816005706787109e+01,1.266766738891601562e+01,1.000000000000000000e+00
9.524521827697753906e+00,1.591751956939697266e+01,1.000000000000000000e+00
1.015851688385009766e+01,1.511108779907226562e+01,1.000000000000000000e+00
9.668298721313476562e+00,1.586335277557373047e+01,1.000000000000000000e+00
1.326798152923583984e+01,1.400229740142822266e+01,1.000000000000000000e+00
1.263499832153320312e+01,1.240476989746093750e+01,1.000000000000000000e+00
9.084384918212890625e+00,1.461633491516113281e+01,1.000000000000000000e+00
-5.008214950561523438e+00,9.026287078857421875e+00,1.000000000000000000e+00
9.413182258605957031e+00,1.354875469207763672e+01,1.000000000000000000e+00
1.287251853942871094e+01,1.033783340454101562e+01,1.000000000000000000e+00
1.314629077911376953e+01,1.504678440093994141e+01,1.000000000000000000e+00
1.294397830963134766e+01,1.174478340148925781e+01,1.000000000000000000e+00
1.354701519012451172e+01,1.302420616149902344e+01,1.000000000000000000e+00
1.323562049865722656e+01,1.257084941864013672e+01,1.000000000000000000e+00
-3.665077447891235352e+00,7.711962223052978516e+00,1.000000000000000000e+00
1.132814979553222656e+01,1.511999034881591797e+01,1.000000000000000000e+00
1.043644618988037109e+01,1.250895786285400391e+01,1.000000000000000000e+00
9.387678146362304688e+00,1.340140819549560547e+01,1.000000000000000000e+00
9.285625457763671875e+00,1.326746368408203125e+01,1.000000000000000000e+00
-4.755218029022216797e+00,9.119169235229492188e+00,1.000000000000000000e+00
9.272137641906738281e+00,1.156537818908691406e+01,1.000000000000000000e+00
1.119706916809082031e+01,8.160106658935546875e+00,1.000000000000000000e+00
1.003256988525390625e+01,1.540422534942626953e+01,1.000000000000000000e+00
9.664172172546386719e+00,1.586419010162353516e+01,1.000000000000000000e+00
1.371062088012695312e+01,1.086310482025146484e+01,1.000000000000000000e+00
1.138739204406738281e+01,1.360036563873291016e+01,1.000000000000000000e+00
1.130551338195800781e+01,1.253303623199462891e+01,1.000000000000000000e+00
1.242298316955566406e+01,1.148334598541259766e+01,1.000000000000000000e+00
-3.377752304077148438e+00,7.494107246398925781e+00,1.000000000000000000e+00
1.340812587738037109e+01,1.110289573669433594e+01,1.000000000000000000e+00
-4.971116065979003906e+00,8.590164184570312500e+00,1.000000000000000000e+00
1.152013874053955078e+01,1.036740398406982422e+01,1.000000000000000000e+00
-3.623020410537719727e+00,7.708033561706542969e+00,1.000000000000000000e+00
1.304865169525146484e+01,1.413946151733398438e+01,1.000000000000000000e+00
1.124219512939453125e+01,1.563812637329101562e+01,1.000000000000000000e+00
-2.936369657516479492e+00,7.012216091156005859e+00,1.000000000000000000e+00
1.137033462524414062e+01,8.420065879821777344e+00,1.000000000000000000e+00
1.242304611206054688e+01,1.384814167022705078e+01,1.000000000000000000e+00
1.288135719299316406e+01,1.179881858825683594e+01,1.000000000000000000e+00
1.195509719848632812e+01,9.124132156372070312e+00,1.000000000000000000e+00
1.171894454956054688e+01,1.052192115783691406e+01,1.000000000000000000e+00
1.023070049285888672e+01,1.057570362091064453e+01,1.000000000000000000e+00
1.349393081665039062e+01,1.262868976593017578e+01,1.000000000000000000e+00
1.356318950653076172e+01,1.298583412170410156e+01,1.000000000000000000e+00
1.210656356811523438e+01,1.380961513519287109e+01,1.000000000000000000e+00
1.090160083770751953e+01,1.069755554199218750e+01,1.000000000000000000e+00
1.400976562500000000e+01,1.013759040832519531e+01,1.000000000000000000e+00
1.062333393096923828e+01,7.366684436798095703e+00,1.000000000000000000e+00
1.341021823883056641e+01,1.481560134887695312e+01,1.000000000000000000e+00
9.520473480224609375e+00,1.480814933776855469e+01,1.000000000000000000e+00
-3.742177486419677734e+00,8.649765014648437500e+00,1.000000000000000000e+00
1.303662586212158203e+01,1.267232227325439453e+01,1.000000000000000000e+00
1.254533481597900391e+01,1.439106941223144531e+01,1.000000000000000000e+00
1.189593124389648438e+01,1.445580768585205078e+01,1.000000000000000000e+00
1.142286491394042969e+01,1.379049491882324219e+01,1.000000000000000000e+00
1.031676769256591797e+01,8.423709869384765625e+00,1.000000000000000000e+00
-3.070411443710327148e+00,7.147326946258544922e+00,1.000000000000000000e+00
1.314631652832031250e+01,1.499880695343017578e+01,1.000000000000000000e+00
1.142330074310302734e+01,1.407705116271972656e+01,1.000000000000000000e+00
1.035954475402832031e+01,1.321331024169921875e+01,1.000000000000000000e+00
1.147278594970703125e+01,8.049798011779785156e+00,1.000000000000000000e+00
-3.615560293197631836e+00,7.929883480072021484e+00,1.000000000000000000e+00
1.169573593139648438e+01,1.055590820312500000e+01,1.000000000000000000e+00
1.206370830535888672e+01,9.978483200073242188e+00,1.000000000000000000e+00
1.199314308166503906e+01,1.115515613555908203e+01,1.000000000000000000e+00
1.355699920654296875e+01,1.310157680511474609e+01,1.000000000000000000e+00
1.273108100891113281e+01,1.063561153411865234e+01,1.000000000000000000e+00
9.215706825256347656e+00,1.397755908966064453e+01,1.000000000000000000e+00
9.274384498596191406e+00,1.369877624511718750e+01,1.000000000000000000e+00
1.081288623809814453e+01,1.104685878753662109e+01,1.000000000000000000e+00
8.833308219909667969e+00,1.417217350006103516e+01,1.000000000000000000e+00
1.296606159210205078e+01,9.393765449523925781e+00,1.000000000000000000e+00
1.122804832458496094e+01,1.556768989562988281e+01,1.000000000000000000e+00
1.169595909118652344e+01,1.520773506164550781e+01,1.000000000000000000e+00
-4.862772941589355469e+00,8.990705490112304688e+00,1.000000000000000000e+00
1.258921051025390625e+01,9.642528533935546875e+00,1.000000000000000000e+00
1.333063030242919922e+01,1.486784648895263672e+01,1.000000000000000000e+00
1.079000377655029297e+01,1.502659702301025391e+01,1.000000000000000000e+00
1.135844898223876953e+01,8.584616661071777344e+00,1.000000000000000000e+00
-4.226473808288574219e+00,8.263942718505859375e+00,1.000000000000000000e+00
1.092566299438476562e+01,1.272701549530029297e+01,1.000000000000000000e+00
1.136214733123779297e+01,1.352353668212890625e+01,1.000000000000000000e+00
8.639944076538085938e+00,8.960562705993652344e+00,1.000000000000000000e+00
1.163190841674804688e+01,1.428047275543212891e+01,1.000000000000000000e+00
9.649755477905273438e+00,1.126068687438964844e+01,1.000000000000000000e+00
1.339463233947753906e+01,1.467931175231933594e+01,1.000000000000000000e+00
1.315543651580810547e+01,1.078187465667724609e+01,1.000000000000000000e+00
1.046131610870361328e+01,1.259922027587890625e+01,1.000000000000000000e+00
1.069404411315917969e+01,1.232690048217773438e+01,1.000000000000000000e+00
1.191369056701660156e+01,1.211492252349853516e+01,1.000000000000000000e+00
1.054641819000244141e+01,1.014307308197021484e+01,1.000000000000000000e+00
1.247928714752197266e+01,1.400973129272460938e+01,1.000000000000000000e+00
-4.477071285247802734e+00,8.708039283752441406e+00,1.000000000000000000e+00
-3.965671300888061523e+00,8.170034408569335938e+00,1.000000000000000000e+00
1.354395675659179688e+01,1.102807521820068359e+01,1.000000000000000000e+00
1.172625827789306641e+01,1.336072826385498047e+01,1.000000000000000000e+00
1.244475269317626953e+01,1.328584003448486328e+01,1.000000000000000000e+00
1.353376197814941406e+01,1.209783077239990234e+01,1.000000000000000000e+00
1.160202217102050781e+01,1.430740356445312500e+01,1.000000000000000000e+00
1.358663845062255859e+01,1.366509819030761719e+01,1.000000000000000000e+00
1.281645965576171875e+01,1.073935508728027344e+01,1.000000000000000000e+00
9.716788291931152344e+00,9.056751251220703125e+00,1.000000000000000000e+00
1.030145835876464844e+01,1.201710128784179688e+01,1.000000000000000000e+00
1.070439910888671875e+01,1.268353843688964844e+01,1.000000000000000000e+00
1.128634643554687500e+01,8.986483573913574219e+00,1.000000000000000000e+00
-5.024495124816894531e+00,9.072681427001953125e+00,1.000000000000000000e+00
1.110539436340332031e+01,1.223578262329101562e+01,1.000000000000000000e+00
1.339178085327148438e+01,1.196512985229492188e+01,1.000000000000000000e+00
1.126617527008056641e+01,1.107028675079345703e+01,1.000000000000000000e+00
-4.973753929138183594e+00,8.743222236633300781e+00,1.000000000000000000e+00
1.257882690429687500e+01,9.812593460083007812e+00,1.000000000000000000e+00
9.076914787292480469e+00,1.525270938873291016e+01,1.000000000000000000e+00
1.098823833465576172e+01,1.256611347198486328e+01,1.000000000000000000e+00
9.784767150878906250e+00,1.240177345275878906e+01,1.000000000000000000e+00
1.295161342620849609e+01,1.283648109436035156e+01,1.000000000000000000e+00
1.355127048492431641e+01,1.407103061676025391e+01,1.000000000000000000e+00
1.202042484283447266e+01,1.481821823120117188e+01,1.000000000000000000e+00
-4.238367080688476562e+00,9.166692733764648438e+00,1.000000000000000000e+00
1.156548786163330078e+01,7.994879245758056641e+00,1.000000000000000000e+00
1.154390430450439453e+01,1.257531356811523438e+01,1.000000000000000000e+00
1.353994560241699219e+01,1.356614589691162109e+01,1.000000000000000000e+00
1.355221843719482422e+01,1.183381557464599609e+01,1.000000000000000000e+00
-3.824057579040527344e+00,8.776547431945800781e+00,1.000000000000000000e+00
1.269535732269287109e+01,1.084168434143066406e+01,1.000000000000000000e+00
1.296751785278320312e+01,9.307696342468261719e+00,1.000000000000000000e+00
1.195047664642333984e+01,1.296486282348632812e+01,1.000000000000000000e+00
1.134756183624267578e+01,1.038859653472900391e+01,1.000000000000000000e+00
9.389282226562500000e+00,1.437000465393066406e+01,1.000000000000000000e+00
1.153050613403320312e+01,7.947733402252197266e+00,1.000000000000000000e+00
1.007905483245849609e+01,1.415210437774658203e+01,1.000000000000000000e+00
-4.957200050354003906e+00,9.174089431762695312e+00,1.000000000000000000e+00
-2.951031923294067383e+00,7.029557228088378906e+00,1.000000000000000000e+00
1.189327335357666016e+01,1.387768173217773438e+01,1.000000000000000000e+00
1.131515121459960938e+01,1.050160598754882812e+01,1.000000000000000000e+00
1.098122501373291016e+01,7.942503929138183594e+00,1.000000000000000000e+00
1.298766899108886719e+01,9.335289001464843750e+00,1.000000000000000000e+00
9.549047470092773438e+00,1.154424571990966797e+01,1.000000000000000000e+00
-3.573677539825439453e+00,8.183209419250488281e+00,1.000000000000000000e+00
9.278863906860351562e+00,1.134242248535156250e+01,1.000000000000000000e+00
1.295684146881103516e+01,1.256897354125976562e+01,1.000000000000000000e+00
9.158855438232421875e+00,1.469871044158935547e+01,1.000000000000000000e+00
1.288142681121826172e+01,9.484006881713867188e+00,1.000000000000000000e+00
1.289370155334472656e+01,1.429271221160888672e+01,1.000000000000000000e+00
1.202803897857666016e+01,1.300981807708740234e+01,1.000000000000000000e+00
1.053043842315673828e+01,7.527062416076660156e+00,1.000000000000000000e+00
1.082682418823242188e+01,1.264362239837646484e+01,1.000000000000000000e+00
1.106562137603759766e+01,9.234858512878417969e+00,1.000000000000000000e+00
1.369652557373046875e+01,1.077297878265380859e+01,1.000000000000000000e+00
1.231045436859130859e+01,1.071706295013427734e+01,1.000000000000000000e+00
9.144909858703613281e+00,1.015634155273437500e+01,1.000000000000000000e+00
1.319341373443603516e+01,1.380453491210937500e+01,1.000000000000000000e+00
1.197122764587402344e+01,1.294696235656738281e+01,1.000000000000000000e+00
1.210417079925537109e+01,1.383016967773437500e+01,1.000000000000000000e+00
1.364903259277343750e+01,1.326079559326171875e+01,1.000000000000000000e+00
1.355304813385009766e+01,1.085112953186035156e+01,1.000000000000000000e+00
1.051676654815673828e+01,7.967158317565917969e+00,1.000000000000000000e+00
-3.054202318191528320e+00,7.134921073913574219e+00,1.000000000000000000e+00
8.904039382934570312e+00,1.402379322052001953e+01,1.000000000000000000e+00
1.049400043487548828e+01,7.318319320678710938e+00,1.000000000000000000e+00
1.389866638183593750e+01,9.869547843933105469e+00,1.000000000000000000e+00
1.223740863800048828e+01,1.367997360229492188e+01,1.000000000000000000e+00
9.107692718505859375e+00,1.299862098693847656e+01,1.000000000000000000e+00
1.381063365936279297e+01,1.049399566650390625e+01,1.000000000000000000e+00
1.142815589904785156e+01,1.172897434234619141e+01,1.000000000000000000e+00
1.343313407897949219e+01,1.404337596893310547e+01,1.000000000000000000e+00
1.347781276702880859e+01,1.196122169494628906e+01,1.000000000000000000e+00
9.025440216064453125e+00,1.283956813812255859e+01,1.000000000000000000e+00
-4.343124866485595703e+00,8.243144035339355469e+00,1.000000000000000000e+00
-4.083583354949951172e+00,7.869839191436767578e+00,1.000000000000000000e+00
1.107387351989746094e+01,1.028114795684814453e+01,1.000000000000000000e+00
1.043091297149658203e+01,7.346683025360107422e+00,1.000000000000000000e+00
9.125894546508789062e+00,1.023127460479736328e+01,1.000000000000000000e+00
1.040312671661376953e+01,1.356999969482421875e+01,1.000000000000000000e+00
-4.414935111999511719e+00,8.733031272888183594e+00,1.000000000000000000e+00
1.269651508331298828e+01,1.159996318817138672e+01,1.000000000000000000e+00
1.289667034149169922e+01,1.385447502136230469e+01,1.000000000000000000e+00
1.149653244018554688e+01,7.956069946289062500e+00,1.000000000000000000e+00
1.281396198272705078e+01,1.188932800292968750e+01,1.000000000000000000e+00
1.278833675384521484e+01,1.194996547698974609e+01,1.000000000000000000e+00
1.045324897766113281e+01,7.984419822692871094e+00,1.000000000000000000e+00
-3.916608095169067383e+00,8.791859626770019531e+00,1.000000000000000000e+00
1.257256698608398438e+01,9.711778640747070312e+00,1.000000000000000000e+00
1.152702045440673828e+01,1.038198757171630859e+01,1.000000000000000000e+00
8.960272789001464844e+00,1.286404514312744141e+01,1.000000000000000000e+00
1.312257766723632812e+01,1.426537609100341797e+01,1.000000000000000000e+00
1.199126911163330078e+01,1.505814361572265625e+01,1.000000000000000000e+00
1.006706428527832031e+01,1.524321937561035156e+01,1.000000000000000000e+00
1.017798233032226562e+01,1.293934631347656250e+01,1.000000000000000000e+00
1.242709922790527344e+01,1.072126674652099609e+01,1.000000000000000000e+00
1.171975898742675781e+01,1.435605812072753906e+01,1.000000000000000000e+00
-3.755285739898681641e+00,8.491040229797363281e+00,1.000000000000000000e+00
-4.385699748992919922e+00,9.149372100830078125e+00,1.000000000000000000e+00
1.161273574829101562e+01,1.042084217071533203e+01,1.000000000000000000e+00
9.660453796386718750e+00,1.210231590270996094e+01,1.000000000000000000e+00
1.147827720642089844e+01,7.985303401947021484e+00,1.000000000000000000e+00
-4.750574588775634766e+00,8.945404052734375000e+00,1.000000000000000000e+00
-5.189149379730224609e+00,8.654550552368164062e+00,1.000000000000000000e+00
1.339461708068847656e+01,1.207043838500976562e+01,1.000000000000000000e+00
-2.133179664611816406e+00,5.841071605682373047e+00,1.000000000000000000e+00
1.092648315429687500e+01,9.311646461486816406e+00,1.000000000000000000e+00
1.072409820556640625e+01,1.146074008941650391e+01,1.000000000000000000e+00
1.296378231048583984e+01,1.405271148681640625e+01,1.000000000000000000e+00
-4.399008274078369141e+00,9.160470008850097656e+00,1.000000000000000000e+00
9.066820144653320312e+00,1.398936080932617188e+01,1.000000000000000000e+00
1.249333953857421875e+01,1.428181552886962891e+01,1.000000000000000000e+00
1.192298126220703125e+01,1.216009140014648438e+01,1.000000000000000000e+00
1.180604076385498047e+01,1.198836517333984375e+01,1.000000000000000000e+00
1.396285724639892578e+01,1.154144477844238281e+01,1.000000000000000000e+00
-4.339586257934570312e+00,7.957419395446777344e+00,1.000000000000000000e+00
1.169611930847167969e+01,1.532569599151611328e+01,1.000000000000000000e+00
9.636532783508300781e+00,1.129067039489746094e+01,1.000000000000000000e+00
1.245383262634277344e+01,1.210219478607177734e+01,1.000000000000000000e+00
1.034023571014404297e+01,1.000241184234619141e+01,1.000000000000000000e+00
9.970480918884277344e+00,1.559887027740478516e+01,1.000000000000000000e+00
1.049414062500000000e+01,1.022670745849609375e+01,1.000000000000000000e+00
9.751900672912597656e+00,1.556383705139160156e+01,1.000000000000000000e+00
1.342425441741943359e+01,1.484085559844970703e+01,1.000000000000000000e+00
1.329890632629394531e+01,1.498982048034667969e+01,1.000000000000000000e+00
1.137612247467041016e+01,8.280279159545898438e+00,1.000000000000000000e+00
1.224635887145996094e+01,1.396872234344482422e+01,1.000000000000000000e+00
1.332569599151611328e+01,1.503656196594238281e+01,1.000000000000000000e+00
1.161858367919921875e+01,1.048570060729980469e+01,1.000000000000000000e+00
1.052270221710205078e+01,1.332909584045410156e+01,1.000000000000000000e+00
1.206620502471923828e+01,1.204547786712646484e+01,1.000000000000000000e+00
1.153212070465087891e+01,1.336299514770507812e+01,1.000000000000000000e+00
9.994441032409667969e+00,1.080903625488281250e+01,1.000000000000000000e+00
1.017765331268310547e+01,1.065341758728027344e+01,1.000000000000000000e+00
9.176359176635742188e+00,1.548079681396484375e+01,1.000000000000000000e+00
1.097993087768554688e+01,1.173620033264160156e+01,1.000000000000000000e+00
1.204514408111572266e+01,1.158605194091796875e+01,1.000000000000000000e+00
1.262231254577636719e+01,1.198301506042480469e+01,1.000000000000000000e+00
1.070695114135742188e+01,1.125364303588867188e+01,1.000000000000000000e+00
1.112532615661621094e+01,1.023024940490722656e+01,1.000000000000000000e+00
1.249908733367919922e+01,1.382581996917724609e+01,1.000000000000000000e+00
1.055131721496582031e+01,7.746476173400878906e+00,1.000000000000000000e+00
-4.909234046936035156e+00,9.123456954956054688e+00,1.000000000000000000e+00
1.277972316741943359e+01,9.497302055358886719e+00,1.000000000000000000e+00
1.256268119812011719e+01,1.073862266540527344e+01,1.000000000000000000e+00
1.406956195831298828e+01,1.034726428985595703e+01,1.000000000000000000e+00
1.362930965423583984e+01,1.336042308807373047e+01,1.000000000000000000e+00
1.213123893737792969e+01,1.310667705535888672e+01,1.000000000000000000e+00
1.438531875610351562e+01,9.942944526672363281e+00,1.000000000000000000e+00
9.628219604492187500e+00,1.585345268249511719e+01,1.000000000000000000e+00
1.088722324371337891e+01,1.286976718902587891e+01,1.000000000000000000e+00
1.331318855285644531e+01,1.190694618225097656e+01,1.000000000000000000e+00
1.269511127471923828e+01,1.059803962707519531e+01,1.000000000000000000e+00
1.165532970428466797e+01,9.573538780212402344e+00,1.000000000000000000e+00
1.326794433593750000e+01,1.420300579071044922e+01,1.000000000000000000e+00
1.241077232360839844e+01,1.455753517150878906e+01,1.000000000000000000e+00
1.101779270172119141e+01,1.148524284362792969e+01,1.000000000000000000e+00
1.093021011352539062e+01,8.092475891113281250e+00,1.000000000000000000e+00
1.078097915649414062e+01,1.251080131530761719e+01,1.000000000000000000e+00
1.215973472595214844e+01,1.385620212554931641e+01,1.000000000000000000e+00
1.330015087127685547e+01,1.499187374114990234e+01,1.000000000000000000e+00
-4.029912948608398438e+00,8.174486160278320312e+00,1.000000000000000000e+00
1.138749599456787109e+01,1.350475502014160156e+01,1.000000000000000000e+00
8.906629562377929688e+00,1.433410167694091797e+01,1.000000000000000000e+00
1.005924701690673828e+01,1.178876876831054688e+01,1.000000000000000000e+00
9.341183662414550781e+00,1.167032146453857422e+01,1.000000000000000000e+00
1.027645206451416016e+01,1.271896457672119141e+01,1.000000000000000000e+00
1.175871562957763672e+01,1.036720466613769531e+01,1.000000000000000000e+00
9.653163909912109375e+00,9.000211715698242188e+00,1.000000000000000000e+00
1.187520027160644531e+01,1.069381523132324219e+01,1.000000000000000000e+00
1.213560581207275391e+01,1.101954174041748047e+01,1.000000000000000000e+00
9.993634223937988281e+00,1.228454971313476562e+01,1.000000000000000000e+00
1.065301322937011719e+01,1.192024517059326172e+01,1.000000000000000000e+00
1.198837280273437500e+01,1.290344238281250000e+01,1.000000000000000000e+00
1.207465267181396484e+01,1.383227825164794922e+01,1.000000000000000000e+00
-3.114954471588134766e+00,7.190801620483398438e+00,1.000000000000000000e+00
9.668582916259765625e+00,9.041501998901367188e+00,1.000000000000000000e+00
1.349792861938476562e+01,1.415202808380126953e+01,1.000000000000000000e+00
1.004548835754394531e+01,1.534720325469970703e+01,1.000000000000000000e+00
1.348018360137939453e+01,1.270263481140136719e+01,1.000000000000000000e+00
-3.756040334701538086e+00,8.673919677734375000e+00,1.000000000000000000e+00
1.394332504272460938e+01,9.663496971130371094e+00,1.000000000000000000e+00
1.275976943969726562e+01,1.241236019134521484e+01,1.000000000000000000e+00
1.128833103179931641e+01,1.539302825927734375e+01,1.000000000000000000e+00
8.575181961059570312e+00,1.119182968139648438e+01,1.000000000000000000e+00
1.087891387939453125e+01,1.025475978851318359e+01,1.000000000000000000e+00
1.303463363647460938e+01,1.504683208465576172e+01,1.000000000000000000e+00
-4.180854797363281250e+00,8.760787010192871094e+00,1.000000000000000000e+00
1.359996318817138672e+01,1.378211498260498047e+01,1.000000000000000000e+00
1.130048084259033203e+01,1.237018966674804688e+01,1.000000000000000000e+00
1.138624000549316406e+01,8.496712684631347656e+00,1.000000000000000000e+00
1.067982196807861328e+01,7.388518810272216797e+00,1.000000000000000000e+00
1.147731781005859375e+01,1.000151538848876953e+01,1.000000000000000000e+00
-3.014303445816040039e+00,7.090734958648681641e+00,1.000000000000000000e+00
1.339257144927978516e+01,1.407077312469482422e+01,1.000000000000000000e+00
-2.973898649215698242e+00,7.046788215637207031e+00,1.000000000000000000e+00
1.110824584960937500e+01,1.183596515655517578e+01,1.000000000000000000e+00
1.008893299102783203e+01,1.279218959808349609e+01,1.000000000000000000e+00
1.173498821258544922e+01,8.980658531188964844e+00,1.000000000000000000e+00
1.349576663970947266e+01,1.190387630462646484e+01,1.000000000000000000e+00
-4.454062461853027344e+00,9.033878326416015625e+00,1.000000000000000000e+00
1.155408573150634766e+01,1.273285293579101562e+01,1.000000000000000000e+00
1.119614887237548828e+01,1.428237438201904297e+01,1.000000000000000000e+00
1.185690498352050781e+01,1.507185363769531250e+01,1.000000000000000000e+00
1.345180225372314453e+01,1.428546905517578125e+01,1.000000000000000000e+00
9.380084991455078125e+00,1.188075065612792969e+01,1.000000000000000000e+00
1.111859703063964844e+01,7.780123710632324219e+00,1.000000000000000000e+00
1.020638847351074219e+01,8.188477516174316406e+00,1.000000000000000000e+00
1.052445125579833984e+01,1.362237739562988281e+01,1.000000000000000000e+00
1.246216869354248047e+01,1.448488521575927734e+01,1.000000000000000000e+00
1.066128158569335938e+01,1.273866939544677734e+01,1.000000000000000000e+00
1.248956966400146484e+01,1.145227146148681641e+01,1.000000000000000000e+00
1.209386348724365234e+01,1.316409492492675781e+01,1.000000000000000000e+00
1.118184471130371094e+01,1.279580402374267578e+01,1.000000000000000000e+00
1.221849727630615234e+01,1.386071586608886719e+01,1.000000000000000000e+00
1.081226825714111328e+01,7.515654563903808594e+00,1.000000000000000000e+00
1.277997589111328125e+01,1.177304840087890625e+01,1.000000000000000000e+00
1.290887260437011719e+01,1.397159481048583984e+01,1.000000000000000000e+00
1.233737087249755859e+01,1.147772884368896484e+01,1.000000000000000000e+00
1.238831710815429688e+01,1.000279998779296875e+01,1.000000000000000000e+00
1.338180446624755859e+01,9.312889099121093750e+00,1.000000000000000000e+00
1.150831317901611328e+01,1.302957344055175781e+01,1.000000000000000000e+00
1.041189575195312500e+01,1.005187702178955078e+01,1.000000000000000000e+00
-5.013253688812255859e+00,8.984622955322265625e+00,1.000000000000000000e+00
1.031600475311279297e+01,1.074439716339111328e+01,1.000000000000000000e+00
1.356325149536132812e+01,1.348264122009277344e+01,1.000000000000000000e+00
1.114551830291748047e+01,7.672860622406005859e+00,1.000000000000000000e+00
1.144931697845458984e+01,1.317001533508300781e+01,1.000000000000000000e+00
1.200041961669921875e+01,1.296859836578369141e+01,1.000000000000000000e+00
1.350689601898193359e+01,1.330398368835449219e+01,1.000000000000000000e+00
1.055232810974121094e+01,1.080978107452392578e+01,1.000000000000000000e+00
1.012452888488769531e+01,9.989248275756835938e+00,1.000000000000000000e+00
1.304639148712158203e+01,9.280366897583007812e+00,1.000000000000000000e+00
1.041449832916259766e+01,1.102764511108398438e+01,1.000000000000000000e+00
-4.404039859771728516e+00,8.438895225524902344e+00,1.000000000000000000e+00
1.046360206604003906e+01,1.020113658905029297e+01,1.000000000000000000e+00
9.618790626525878906e+00,1.197728538513183594e+01,1.000000000000000000e+00
1.113542270660400391e+01,8.167485237121582031e+00,1.000000000000000000e+00
1.346421718597412109e+01,1.292358875274658203e+01,1.000000000000000000e+00
-3.450262308120727539e+00,7.587573051452636719e+00,1.000000000000000000e+00
1.050416660308837891e+01,7.478261470794677734e+00,1.000000000000000000e+00
1.405272960662841797e+01,1.026747417449951172e+01,1.000000000000000000e+00
1.019528293609619141e+01,9.365433692932128906e+00,1.000000000000000000e+00
9.636524200439453125e+00,1.201523017883300781e+01,1.000000000000000000e+00
1.141021633148193359e+01,1.325932884216308594e+01,1.000000000000000000e+00
9.817873001098632812e+00,1.443923282623291016e+01,1.000000000000000000e+00
9.875133514404296875e+00,1.363971805572509766e+01,1.000000000000000000e+00
1.090980052947998047e+01,1.240814781188964844e+01,1.000000000000000000e+00
1.357224845886230469e+01,1.343923854827880859e+01,1.000000000000000000e+00
1.071442127227783203e+01,7.810516357421875000e+00,1.000000000000000000e+00
-4.216079711914062500e+00,8.973061561584472656e+00,1.000000000000000000e+00
-4.997362136840820312e+00,8.696084022521972656e+00,1.000000000000000000e+00
1.203943157196044922e+01,1.087835693359375000e+01,1.000000000000000000e+00
-3.648184776306152344e+00,8.505335807800292969e+00,1.000000000000000000e+00
1.087309074401855469e+01,1.180685138702392578e+01,1.000000000000000000e+00
1.265999317169189453e+01,1.428413581848144531e+01,1.000000000000000000e+00
1.204375457763671875e+01,9.763364791870117188e+00,1.000000000000000000e+00
1.353839874267578125e+01,1.335556316375732422e+01,1.000000000000000000e+00
1.366784477233886719e+01,1.089570617675781250e+01,1.000000000000000000e+00
1.094867420196533203e+01,1.153889560699462891e+01,1.000000000000000000e+00
1.254252243041992188e+01,9.795241355895996094e+00,1.000000000000000000e+00
1.156915283203125000e+01,1.036681175231933594e+01,1.000000000000000000e+00
1.087242221832275391e+01,1.171134090423583984e+01,1.000000000000000000e+00
1.024222469329833984e+01,1.200254726409912109e+01,1.000000000000000000e+00
1.269351673126220703e+01,1.185906505584716797e+01,1.000000000000000000e+00
-3.402692794799804688e+00,7.729666709899902344e+00,1.000000000000000000e+00
9.111849784851074219e+00,1.283807945251464844e+01,1.000000000000000000e+00
1.074017047882080078e+01,1.097406005859375000e+01,1.000000000000000000e+00
-5.190271377563476562e+00,8.644058227539062500e+00,1.000000000000000000e+00
1.091144180297851562e+01,1.269264984130859375e+01,1.000000000000000000e+00
8.848267555236816406e+00,1.411536693572998047e+01,1.000000000000000000e+00
1.178933906555175781e+01,1.440092277526855469e+01,1.000000000000000000e+00
1.236203002929687500e+01,1.412490463256835938e+01,1.000000000000000000e+00
8.795086860656738281e+00,1.410236167907714844e+01,1.000000000000000000e+00
-4.577271461486816406e+00,9.270493507385253906e+00,1.000000000000000000e+00
1.364340686798095703e+01,1.335431194305419922e+01,1.000000000000000000e+00
1.120784091949462891e+01,1.119442272186279297e+01,1.000000000000000000e+00
1.086096954345703125e+01,1.181196594238281250e+01,1.000000000000000000e+00
1.037612533569335938e+01,1.223478889465332031e+01,1.000000000000000000e+00
1.155636119842529297e+01,1.304538726806640625e+01,1.000000000000000000e+00
-4.369217872619628906e+00,9.067213058471679688e+00,1.000000000000000000e+00
-4.325263977050781250e+00,9.062586784362792969e+00,1.000000000000000000e+00
1.333628940582275391e+01,1.389821529388427734e+01,1.000000000000000000e+00
9.204741477966308594e+00,1.367583751678466797e+01,1.000000000000000000e+00
8.757961273193359375e+00,1.419821262359619141e+01,1.000000000000000000e+00
1.254494380950927734e+01,1.234258842468261719e+01,1.000000000000000000e+00
1.102394104003906250e+01,1.221102905273437500e+01,1.000000000000000000e+00
1.229276657104492188e+01,1.387669086456298828e+01,1.000000000000000000e+00
8.836069107055664062e+00,1.416006469726562500e+01,1.000000000000000000e+00
1.195657920837402344e+01,1.287542915344238281e+01,1.000000000000000000e+00
1.284624385833740234e+01,1.252011394500732422e+01,1.000000000000000000e+00
1.355535793304443359e+01,9.461541175842285156e+00,1.000000000000000000e+00
1.018810272216796875e+01,1.063667488098144531e+01,1.000000000000000000e+00
1.098311424255371094e+01,1.240463638305664062e+01,1.000000000000000000e+00
1.052576160430908203e+01,1.210045623779296875e+01,1.000000000000000000e+00
1.379922676086425781e+01,9.555365562438964844e+00,1.000000000000000000e+00
1.152683544158935547e+01,8.821851730346679688e+00,1.000000000000000000e+00
8.351804733276367188e+00,1.098614120483398438e+01,1.000000000000000000e+00
1.096076202392578125e+01,1.270490741729736328e+01,1.000000000000000000e+00
1.161242675781250000e+01,9.675386428833007812e+00,1.000000000000000000e+00
1.013766384124755859e+01,8.175206184387207031e+00,1.000000000000000000e+00
1.285203742980957031e+01,1.423382568359375000e+01,1.000000000000000000e+00
9.255663871765136719e+00,1.316062736511230469e+01,1.000000000000000000e+00
1.329749107360839844e+01,1.500401020050048828e+01,1.000000000000000000e+00
1.373768615722656250e+01,1.037188339233398438e+01,1.000000000000000000e+00
9.439621925354003906e+00,1.424605369567871094e+01,1.000000000000000000e+00
9.408058166503906250e+00,1.336923408508300781e+01,1.000000000000000000e+00
1.000521755218505859e+01,9.436963081359863281e+00,1.000000000000000000e+00
1.074310874938964844e+01,1.191951942443847656e+01,1.000000000000000000e+00
1.046686458587646484e+01,1.310303783416748047e+01,1.000000000000000000e+00
1.165078163146972656e+01,9.623849868774414062e+00,1.000000000000000000e+00
1.017165470123291016e+01,8.884346961975097656e+00,1.000000000000000000e+00
9.871698379516601562e+00,9.136381149291992188e+00,1.000000000000000000e+00
-3.451725959777832031e+00,7.432595252990722656e+00,1.000000000000000000e+00
9.920177459716796875e+00,8.755596160888671875e+00,1.000000000000000000e+00
9.433365821838378906e+00,1.296074199676513672e+01,1.000000000000000000e+00
9.394305229187011719e+00,1.362144660949707031e+01,1.000000000000000000e+00
1.042490673065185547e+01,1.042477607727050781e+01,1.000000000000000000e+00
1.299457263946533203e+01,1.089114475250244141e+01,1.000000000000000000e+00
1.199023056030273438e+01,1.068537425994873047e+01,1.000000000000000000e+00
-4.420758247375488281e+00,8.134512901306152344e+00,1.000000000000000000e+00
9.378428459167480469e+00,1.148728084564208984e+01,1.000000000000000000e+00
1.063582706451416016e+01,1.271469688415527344e+01,1.000000000000000000e+00
9.117807388305664062e+00,1.048050022125244141e+01,1.000000000000000000e+00
1.117388439178466797e+01,8.853158950805664062e+00,1.000000000000000000e+00
9.249372482299804688e+00,1.348482227325439453e+01,1.000000000000000000e+00
9.008902549743652344e+00,1.302416515350341797e+01,1.000000000000000000e+00
1.251076507568359375e+01,9.874836921691894531e+00,1.000000000000000000e+00
1.144412040710449219e+01,8.503087043762207031e+00,1.000000000000000000e+00
1.062391281127929688e+01,1.075954723358154297e+01,1.000000000000000000e+00
1.328526973724365234e+01,1.451193332672119141e+01,1.000000000000000000e+00
1.041796398162841797e+01,1.065329170227050781e+01,1.000000000000000000e+00
1.061557388305664062e+01,7.397228240966796875e+00,1.000000000000000000e+00
1.342204666137695312e+01,1.200026702880859375e+01,1.000000000000000000e+00
9.433597564697265625e+00,1.571544456481933594e+01,1.000000000000000000e+00
-4.257927417755126953e+00,9.036748886108398438e+00,1.000000000000000000e+00
1.365829086303710938e+01,1.079265403747558594e+01,1.000000000000000000e+00
-4.070248126983642578e+00,9.042756080627441406e+00,1.000000000000000000e+00
1.093980503082275391e+01,1.268819522857666016e+01,1.000000000000000000e+00
9.958273887634277344e+00,1.505601024627685547e+01,1.000000000000000000e+00
9.379015922546386719e+00,1.381863880157470703e+01,1.000000000000000000e+00
1.191637039184570312e+01,1.143764877319335938e+01,1.000000000000000000e+00
1.031400489807128906e+01,1.307978057861328125e+01,1.000000000000000000e+00
1.216285800933837891e+01,1.432686424255371094e+01,1.000000000000000000e+00
1.206661510467529297e+01,1.130099010467529297e+01,1.000000000000000000e+00
-5.085602283477783203e+00,8.584548950195312500e+00,1.000000000000000000e+00
1.152743339538574219e+01,7.932642459869384766e+00,1.000000000000000000e+00
1.170544815063476562e+01,1.526085186004638672e+01,1.000000000000000000e+00
1.323137187957763672e+01,1.236447525024414062e+01,1.000000000000000000e+00
1.259810256958007812e+01,1.389872360229492188e+01,1.000000000000000000e+00
1.326209068298339844e+01,9.264922142028808594e+00,1.000000000000000000e+00
1.231098365783691406e+01,1.391958618164062500e+01,1.000000000000000000e+00
1.076251506805419922e+01,1.231315040588378906e+01,1.000000000000000000e+00
-4.418265342712402344e+00,8.231094360351562500e+00,1.000000000000000000e+00
1.051280975341796875e+01,7.463342666625976562e+00,1.000000000000000000e+00
1.145440292358398438e+01,8.393772125244140625e+00,1.000000000000000000e+00
9.787758827209472656e+00,1.573301029205322266e+01,1.000000000000000000e+00
1.206576061248779297e+01,1.386697196960449219e+01,1.000000000000000000e+00
1.327707290649414062e+01,1.021917152404785156e+01,1.000000000000000000e+00
1.039488410949707031e+01,7.376563072204589844e+00,1.000000000000000000e+00
8.846757888793945312e+00,1.462653923034667969e+01,1.000000000000000000e+00
9.447990417480468750e+00,1.170866489410400391e+01,1.000000000000000000e+00
1.260219097137451172e+01,1.471138572692871094e+01,1.000000000000000000e+00
1.128769207000732422e+01,1.549111080169677734e+01,1.000000000000000000e+00
9.657543182373046875e+00,1.579309749603271484e+01,1.000000000000000000e+00
9.367525100708007812e+00,1.352224731445312500e+01,1.000000000000000000e+00
1.155390548706054688e+01,7.962923526763916016e+00,1.000000000000000000e+00
1.103446769714355469e+01,8.887413024902343750e+00,1.000000000000000000e+00
-4.961562156677246094e+00,9.088994026184082031e+00,1.000000000000000000e+00
1.330353641510009766e+01,1.201612854003906250e+01,1.000000000000000000e+00
1.059136104583740234e+01,1.235131645202636719e+01,1.000000000000000000e+00
-3.718273162841796875e+00,8.641449928283691406e+00,1.000000000000000000e+00
-5.101164817810058594e+00,8.659953117370605469e+00,1.000000000000000000e+00
1.052880191802978516e+01,7.365043163299560547e+00,1.000000000000000000e+00
1.246369361877441406e+01,1.016069507598876953e+01,1.000000000000000000e+00
1.035664272308349609e+01,7.296228408813476562e+00,1.000000000000000000e+00
1.430661678314208984e+01,1.027204990386962891e+01,1.000000000000000000e+00
-2.982008934020996094e+00,7.058769226074218750e+00,1.000000000000000000e+00
-4.668096065521240234e+00,8.740730285644531250e+00,1.000000000000000000e+00
9.941215515136718750e+00,8.740303993225097656e+00,1.000000000000000000e+00
1.405657291412353516e+01,9.926329612731933594e+00,1.000000000000000000e+00
1.016207885742187500e+01,1.555489540100097656e+01,1.000000000000000000e+00
1.121858787536621094e+01,8.830913543701171875e+00,1.000000000000000000e+00
1.194998073577880859e+01,1.215224838256835938e+01,1.000000000000000000e+00
-4.109539031982421875e+00,8.215280532836914062e+00,1.000000000000000000e+00
1.432554340362548828e+01,1.038876152038574219e+01,1.000000000000000000e+00
9.968269348144531250e+00,1.545064926147460938e+01,1.000000000000000000e+00
9.221211433410644531e+00,1.100369644165039062e+01,1.000000000000000000e+00
1.226820373535156250e+01,1.335532093048095703e+01,1.000000000000000000e+00
-3.717659473419189453e+00,8.031327247619628906e+00,1.000000000000000000e+00
1.324656391143798828e+01,1.394010734558105469e+01,1.000000000000000000e+00
-5.151608943939208984e+00,8.656080245971679688e+00,1.000000000000000000e+00
1.113999366760253906e+01,1.269132137298583984e+01,1.000000000000000000e+00
-4.079813480377197266e+00,8.018210411071777344e+00,1.000000000000000000e+00
9.501299858093261719e+00,1.311121845245361328e+01,1.000000000000000000e+00
1.285683250427246094e+01,1.370924568176269531e+01,1.000000000000000000e+00
1.273084926605224609e+01,1.351967144012451172e+01,1.000000000000000000e+00
1.129589939117431641e+01,1.269273185729980469e+01,1.000000000000000000e+00
-3.954180955886840820e+00,8.848638534545898438e+00,1.000000000000000000e+00
9.496394157409667969e+00,1.578100872039794922e+01,1.000000000000000000e+00
1.415548515319824219e+01,9.850445747375488281e+00,1.000000000000000000e+00
1.141652679443359375e+01,1.429485893249511719e+01,1.000000000000000000e+00
1.337009239196777344e+01,1.451577758789062500e+01,1.000000000000000000e+00
9.679300308227539062e+00,1.119562053680419922e+01,1.000000000000000000e+00
-4.502546787261962891e+00,8.588047981262207031e+00,1.000000000000000000e+00
1.050075340270996094e+01,7.336080551147460938e+00,1.000000000000000000e+00
1.268209838867187500e+01,1.349224185943603516e+01,1.000000000000000000e+00
1.062370491027832031e+01,1.065267276763916016e+01,1.000000000000000000e+00
9.673007965087890625e+00,1.134144973754882812e+01,1.000000000000000000e+00
1.258978748321533203e+01,1.169395637512207031e+01,1.000000000000000000e+00
1.299710845947265625e+01,1.435309600830078125e+01,1.000000000000000000e+00
1.023373031616210938e+01,1.020685768127441406e+01,1.000000000000000000e+00
1.246416091918945312e+01,1.437155151367187500e+01,1.000000000000000000e+00
9.742385864257812500e+00,1.586241722106933594e+01,1.000000000000000000e+00
1.124436759948730469e+01,1.157874202728271484e+01,1.000000000000000000e+00
1.337879467010498047e+01,1.202804088592529297e+01,1.000000000000000000e+00
-4.281165122985839844e+00,9.095171928405761719e+00,1.000000000000000000e+00
-4.453431606292724609e+00,8.495830535888671875e+00,1.000000000000000000e+00
1.014760017395019531e+01,1.399525260925292969e+01,1.000000000000000000e+00
9.864095687866210938e+00,1.565175533294677734e+01,1.000000000000000000e+00
9.280442237854003906e+00,1.553931427001953125e+01,1.000000000000000000e+00
1.263882350921630859e+01,1.183386707305908203e+01,1.000000000000000000e+00
1.243876838684082031e+01,9.647225379943847656e+00,1.000000000000000000e+00
1.159700775146484375e+01,1.210594749450683594e+01,1.000000000000000000e+00
1.121416664123535156e+01,1.042134284973144531e+01,1.000000000000000000e+00
1.104780769348144531e+01,8.037476539611816406e+00,1.000000000000000000e+00
9.948615074157714844e+00,1.556227779388427734e+01,1.000000000000000000e+00
1.025446796417236328e+01,1.015419578552246094e+01,1.000000000000000000e+00
-2.930217504501342773e+00,7.013874053955078125e+00,1.000000000000000000e+00
9.711846351623535156e+00,1.375542163848876953e+01,1.000000000000000000e+00
1.019089221954345703e+01,1.282758045196533203e+01,1.000000000000000000e+00
9.738634109497070312e+00,9.394738197326660156e+00,1.000000000000000000e+00
-4.254861831665039062e+00,9.079644203186035156e+00,1.000000000000000000e+00
-4.430140018463134766e+00,8.021786689758300781e+00,1.000000000000000000e+00
1.071678638458251953e+01,1.180689525604248047e+01,1.000000000000000000e+00
1.242005252838134766e+01,1.036880302429199219e+01,1.000000000000000000e+00
1.140596866607666016e+01,1.313760566711425781e+01,1.000000000000000000e+00
1.206800079345703125e+01,1.473616409301757812e+01,1.000000000000000000e+00
-3.651223897933959961e+00,7.960020542144775391e+00,1.000000000000000000e+00
1.179930400848388672e+01,1.524673366546630859e+01,1.000000000000000000e+00
1.095240211486816406e+01,1.138630294799804688e+01,1.000000000000000000e+00
1.065575981140136719e+01,7.440535068511962891e+00,1.000000000000000000e+00
